return_id,tx_id,product_id,sku,return_date,quantity,refund_amount
0ee83153-f46d-4d57-b24f-cc3d4d219d03,f410c4ee-480a-4087-911a-7c426336d762,e2166220-9e0a-4ca1-a513-06a07decd251,MSBE00491,2025-05-07T15:29:40.997075,1,27.21
68980fd2-4ad3-4f76-9759-e1865342b213,bc89929b-6a12-4355-835a-80be0f5ee941,48361c7a-d4a0-4776-8b3f-05a2bff77ecf,MSHO00053,2025-05-02T17:20:50.214382,2,86.0
25ae5110-8705-460b-aca5-3325176beed8,f2fc0c11-ea63-45ac-a1f2-9ed48b29db62,d9f5cad7-f3de-4617-938c-6965395809e7,MSWO00932,2024-12-07T10:58:53.672210,1,1.44
ffb5f13a-f1c4-409b-b8ac-67e74b13c03b,11d631b5-d821-44cb-8392-c52b9dbb3ea6,6b31c102-e7a3-4ca4-bf7c-4416e9b2f628,MSFO00752,2025-03-21T16:37:20.635780,1,85.96
4701b21f-b03b-43ab-969f-85dd2d5e5732,3d4fcd7d-0304-4e51-9c61-47b3e1db2626,9f69fb11-0136-4d99-8244-d6a2f821cde1,MSME00339,2024-09-11T05:44:48.548197,1,4.82
a04412e5-af10-4d82-8863-72848bdd15cd,055f20f9-f983-4de0-828e-5a06ccc0c901,99dcebac-ad01-4099-9f4c-311198b2ced2,MSWO00974,2024-12-17T19:23:39.460225,1,5.65
cb7a8668-05eb-48be-bc91-f1ad00ead13b,b28dd88b-265d-4e71-9f72-91b974ecd0b0,b47b1432-0523-475d-a155-ade935c154a5,MSWO00837,2025-07-31T00:22:09.998448,1,28.58
38ed4da8-8c5e-49d2-80d9-c6d288b2bb79,f135a7da-13e2-4fbe-afa3-2c235618f4be,681ee645-7743-4866-b1ba-2465146c3893,MSHO00363,2024-08-17T07:43:02.946550,1,110.88
dbfc6794-91cf-457a-bde7-a80188a63737,95baf2f6-c8e9-484b-9294-741478a8b4c8,fef6621a-369c-4912-b03b-314fd831c492,MSWO00480,2024-09-03T13:03:15.932891,1,30.1
1bf0c7e4-12ac-4bc3-8ef2-590b693f8005,be991ca4-f285-4ae6-baf3-8b544d54cb6d,d54b39e0-3b66-425e-ad1a-31cad6c2139b,MSBE00718,2025-06-20T17:27:32.603000,1,8.48
2b1e4fba-5b25-4a6e-987f-80e2c5c89887,c89af944-bcc0-4390-b066-3ccfefa5cef5,d7b0f3ef-b828-494a-9cff-7712688f6f9f,MSWO00545,2025-07-20T13:07:09.953262,1,12.46
ba6fd8b3-7bad-439c-a0d8-e270d3547cd8,aede7188-ff97-4d47-9eaa-564999f5a997,c12b4c6a-0d08-4df9-a85e-5bffa3bb9637,MSHO00796,2024-10-07T03:11:36.600310,1,13.42
afcab7a5-578d-4507-a3c3-f93c69c54a13,9f59382f-da14-4155-8619-03fc2584412e,980d3499-1d8f-4ed4-8b97-601d607fbea9,MSFO00270,2025-02-15T02:25:05.090551,1,3.15
b0570725-37a3-4c87-a82f-d93d39f03891,5d29815e-648d-43be-9b6f-7b46ead115ca,e2349114-7efe-4a00-bd4f-c5179ae30244,MSHO00849,2024-11-09T05:36:00.339750,1,10.79
16b92bae-2e13-40e1-a47d-4bcc6f3a385e,2815dc48-f85d-4a8a-b9c0-b2b0891564ff,f9309955-7e4e-4fff-8f61-8a189de1cf16,MSHO00161,2024-10-05T22:01:04.407318,1,29.33
e8a9ec79-d42b-4ea8-82a7-d3cebb219357,e20c4603-46b4-488c-b4d7-434ecb3ec648,60e99552-b509-49be-a547-c223897b701e,MSHO00916,2025-02-27T01:29:28.518355,1,3.92
3ae2ef48-5785-4db0-b253-f02151497b82,e1bf9a96-c36f-4f8c-bd3a-c341014fa2e0,d6d287da-c2a1-4861-b9b4-bc494fe0ba48,MSBE00092,2024-10-15T09:49:08.637926,1,6.08
7733720a-da0b-4473-a886-683bf3f7a9e2,95e08b1e-ba74-4e3d-ba7d-96717c8169ef,b6cff418-9a3a-4de2-ab0f-89387ef64302,MSHO00490,2024-10-20T02:57:41.053905,1,48.06
520fa0ed-e655-4176-8e5f-e69ed5fae2ff,12ea1a2f-7f4c-45cf-a39d-8e752d84af6a,931dec54-8abf-4e65-b21c-076a2f76a472,MSME00823,2025-06-29T20:45:50.630789,1,15.68
87951726-ab96-4cbc-8ca8-8a7d154d4924,0f3f4905-2993-42a2-9caa-6a2f511aeb18,23a2695f-bdb4-4fc7-91a8-ef3df3a5057a,MSBE00819,2024-09-13T02:52:34.090424,1,7.31
525207c4-988e-4fc1-a811-5a1b044853a3,9bd125e5-b8a7-4524-b3a0-808f708ac80c,d434ac39-0344-4be8-a199-acbe8a224996,MSME00893,2025-05-13T01:23:18.437520,1,10.66
762a89b6-21f1-44c4-bb17-161d936f795e,30cd71f5-cecc-4ac1-bda2-0f99b12a5126,cf7c6dca-9a53-45ad-a566-a327821b5bbf,MSME00470,2024-10-11T08:19:16.182629,1,33.03
00efc35f-36a1-45be-a67a-c397b385331d,0c73f6bc-d49f-4375-9f1b-6c144cc9f8c0,7f4d6d4f-19df-4eee-bade-4b3937f73660,MSWO00353,2025-01-03T22:12:03.140308,1,9.73
4f7e5fca-39f7-41c9-8755-788be9536250,447dc291-b69c-475e-9409-94f02a83c16f,b17032b7-5498-4fdf-a47d-56a4b50056c1,MSFO00492,2024-11-18T09:28:11.022024,1,2.25
efdcc573-5819-4bb2-895d-327b083f7cb9,5299de4d-fdbe-4e4a-8a24-695849da134b,854d568d-9e0c-4de1-8e8c-d3d01e702ba5,MSBE00038,2024-10-31T20:38:19.926206,3,9.63
76e4261a-40e9-46cd-aae0-7be6dd7fccb6,47eb146c-490a-4c5a-9c09-601911743965,e24ef2c9-22ba-4e50-8a79-b022ab1696e1,MSHO00065,2024-12-10T05:35:53.875757,1,15.92
13c5bcc1-c254-4ee1-8226-23256d72595d,39b8f05b-9941-4fea-bee2-479ba5ee6850,00facabe-cb97-48d8-b06f-94e9c4e7b246,MSHO00642,2025-03-22T09:02:13.138589,1,7.31
b44c3509-786d-4394-a351-7b817b6a408f,70c10dfa-2543-4409-b5f4-d4e24211a0d6,b215c870-edef-4b72-84ef-289e0fbc751d,MSWO00685,2024-12-19T08:54:15.313553,1,18.42
45a60a66-9445-469a-b189-82d4d9a9c09e,6294f5af-8956-4eea-a0c3-6d0095544c3e,6a9246fe-272d-4533-b58e-6cc0b6cfa485,MSHO00595,2025-01-14T08:50:46.101417,1,20.45
3101e9d4-73c2-4247-aeb2-668c199b4b04,6194c59d-3011-4876-a363-55caafd55b9c,6a6ba5a6-8899-4cf6-ad37-97787ba2840e,MSFO00945,2025-03-26T02:08:15.381971,2,30.96
f7b790a9-ea40-44d1-ba6e-c138546691d5,9c9d13fc-361c-4eb8-a1e1-012404ef8bbd,a5df95dc-3655-4588-a458-6937122321d1,MSWO00618,2024-12-21T11:27:37.465529,1,12.04
4a299e65-304f-451b-a2b3-52c724df52b2,f1411ae0-b5f1-44c3-ab94-fde7ff41a5cc,be3b32e2-1aab-4a37-924d-f95436aeeae5,MSHO00489,2024-12-11T18:18:34.453394,2,66.28
5a3b01fd-b930-4b66-9b04-ba7f4722b316,b705b173-ac74-4725-a4e5-802698d058bb,701752a4-2820-4462-b4a3-65cdbeee67a3,MSBE00317,2025-06-07T12:52:58.296211,1,3.61
7bc8607c-e6c5-40a5-b958-309a22cc5fce,8eb64967-d226-4ee3-b1b1-cd71ee93399c,a089dd8d-b493-4b1a-9419-f14c882ec3e2,MSHO00218,2024-09-20T12:39:44.003660,2,8.39
aea7176d-1cf0-4234-8d21-c6e82a83250e,87b178e3-6011-4981-8eea-45430f7c9d48,18e92350-88d3-4983-afff-3e471cb07b92,MSME00616,2024-11-16T19:43:55.811476,1,15.88
2bf9d3de-a33b-41d6-8056-91cd9d5cb0ba,443f23ce-7926-4c35-b1ce-512fc72c9397,96dbcf84-2094-44d4-80f8-a30c9d310399,MSME00018,2025-05-18T02:39:31.613145,1,20.25
5d26b2f5-0936-4367-8403-922bb65d8802,4a6f2236-b368-46f0-b8af-493727a64a03,b666afd5-4107-428d-8ed8-89dc4af1107f,MSWO00051,2025-05-06T13:19:24.441728,1,2.13
f36e5090-c504-4676-9b15-dd5ce8f62392,98620661-d8b6-45a0-b9c2-2b7b229faa15,d158669f-79a3-460c-a81e-e7e9df877d72,MSHO00171,2025-04-22T14:19:05.902818,2,6.36
fa1ff98b-a8c9-4324-8d45-bcd85b09e9bd,5dd5e379-6e80-478e-b16f-b68dfde14308,05c89cf5-674d-4b57-8b2e-08f8e5b983eb,MSHO00587,2025-02-14T19:19:49.017535,3,26.42
475c29f6-abdd-4947-8ea9-dca831d12c9a,64bc9f35-dfc3-4d9f-a2de-cc210f3def36,ac74fd1e-fdbe-4273-ad9b-ab42d31f4feb,MSWO00563,2024-10-19T00:12:05.439854,1,10.7
3e14defa-7849-4b7a-88c1-325bce58a09d,0c643061-c3f8-4e31-a6e2-4a29536df101,b4e15df7-be1c-45f3-8b74-f3b3e241ee34,MSHO00375,2025-06-14T09:00:02.247014,1,64.2
c6d5f16b-1c8d-4a29-8e10-131279d4f045,81f0afc0-86f1-4e02-83b1-ad9c82a05837,05f236c9-e81e-45b3-baf2-458f638aa4d7,MSBE00121,2025-04-13T22:34:02.649800,1,81.47
ea65eb2c-c046-44ec-a49b-abbe0d1c19c6,a60eba9a-70a2-4859-93cc-180fb691680d,489d5303-7df0-4c5f-8bee-46cbac2d1b30,MSBE00248,2025-02-20T03:04:46.965969,1,25.67
ff053626-fb83-4c2d-9c76-4bc8b9836033,a951be24-7e5b-4646-a6ed-d758bfd9a87d,a7c1757f-080c-484d-a57c-2ff8e35b6fd7,MSME00384,2025-01-05T23:44:42.159886,1,12.46
fdd0c54a-444d-4dd8-a193-496367cc4e8e,5d15e647-0c48-45a2-b792-22335820b560,6085c8c6-74fe-4b4c-b871-833449afbc06,MSHO00027,2025-01-15T03:15:10.686291,2,52.45
9bd23a47-a296-45b0-b145-1ff5e775eda6,2f103753-5d18-4dc1-b451-3b2a403c6fb2,e346d9de-1489-409b-a53f-8553569d6247,MSFO00176,2025-05-29T10:04:24.999395,1,6.75
29b429eb-dbd3-4e06-9cd6-7e10c460db67,7ec2cb42-9bce-45d3-9f04-055074254e1b,cf7c6dca-9a53-45ad-a566-a327821b5bbf,MSME00470,2025-02-21T20:26:08.179880,1,29.73
7b19a596-8383-4ff8-b917-4ef4443a9971,660c5087-b9b7-4703-80a8-e1c60936f05e,05f236c9-e81e-45b3-baf2-458f638aa4d7,MSBE00121,2024-12-28T00:38:42.484982,2,130.35
02e1b873-3820-4a07-a6c5-73e8d80b2f90,a8194adf-10ab-4f6f-a9a2-e775f882d547,2265b5ac-36ea-4f88-b244-84d0bd76fcd9,MSHO00103,2024-10-01T10:36:01.627194,1,3.97
598afb5a-ed81-4b4e-bb54-63f49a658edf,3f6fd64e-2820-44df-a5b4-f17026d1ad53,31703571-9f9f-4eff-92f2-436a2d30601e,MSHO00262,2025-05-07T16:34:55.072104,1,14.81
9347ff23-ccab-419d-b032-a0e55b7e3ac3,90f88d15-a523-4bf4-afb4-bd326158c061,dd1024ba-b622-4452-9f1d-9a5f6b025109,MSFO00236,2024-12-20T09:45:50.209173,1,20.52
f8921e84-9ef8-4b42-9ac0-b8b0c211f752,18a842be-74e7-4ab4-a1fa-f8f61d1cb79b,58572018-2db3-4347-b5ba-5d1c2e17531f,MSFO00382,2024-12-23T02:47:28.167389,1,29.96
41f90b18-698b-4266-b34a-a834a4720b3c,5a0d5900-8e05-47f7-a5d3-697082d6326b,b154bf8b-d256-4fc9-93d3-204e297a44b1,MSBE00554,2025-08-09T15:20:25.729805,1,23.13
703dc536-3574-46ef-ae9b-9d5168539e57,76d8f6cb-18f3-4cc2-8cc2-ea631696eaff,09de4377-645c-4b90-88c7-81d135caa54d,MSWO00918,2025-06-27T05:52:59.950331,1,17.36
6a702d8a-0d71-49bb-b46d-fdab107528a2,d3f9213d-c782-424a-889d-71f7f583937f,966951d3-4bb1-4398-9a7d-e81e78225e53,MSME00417,2024-12-10T08:26:36.835924,2,23.34
73ce17c6-a2a6-45b9-a30c-c47457b2a33e,617ee402-4a3c-4b63-86df-7043e7969b31,b1a87d2e-e74c-429f-8fbb-a20d64d40578,MSFO00784,2025-06-07T17:51:39.036456,1,14.07
9cd726fb-6bbc-4287-942f-e60c3981638f,74095aec-0c76-4158-a5c2-f897e75b471b,4cf64a22-287f-4069-862f-49ecba5234ba,MSME00445,2025-01-30T21:41:12.866439,1,3.04
9f2cc9a4-cfcd-4ba5-b46d-5d98d9873cb5,d767c216-dae8-40ca-856e-f867fe64f151,6b05edc4-1117-4507-b529-f946f80cf981,MSFO00195,2024-10-13T05:42:10.517975,1,13.39
37e6d5ae-d737-46c5-a59f-88a154d53572,2c8df4d4-c8f2-419a-a0eb-8a2fceb45854,ee9e942b-e851-4cf8-a709-274eebc22799,MSME00628,2025-05-23T00:12:27.671344,2,30.0
f097469b-ceae-4fcc-9008-74eca1f63a0b,bb838382-e845-4b30-b3e6-6a89e8b3c6b8,31703571-9f9f-4eff-92f2-436a2d30601e,MSHO00262,2025-01-17T05:44:37.182282,1,14.81
d50e09f3-acc0-4833-906a-851559e1d571,494dbc3b-5d41-4376-8446-c9523beedc30,a089dd8d-b493-4b1a-9419-f14c882ec3e2,MSHO00218,2025-04-17T22:25:24.930229,1,6.99
ff6ee465-3da3-46aa-813e-429950bfb37b,6b78241b-6611-4347-a306-052c85bf20f0,a6628496-593c-4b74-8793-9a237258ed29,MSME00026,2025-02-23T03:00:03.561250,2,6.28
61d4819a-0baa-4562-afda-2e3b5661ef52,0f342756-9cfd-4df1-951f-a33935f69ff3,b297ebae-435d-4076-8828-58bb9c7f8fd4,MSWO00373,2025-01-17T15:35:11.384671,1,5.57
2d30ee12-1538-4635-9e7d-b55c50558ab8,94583528-23f2-44d8-8436-287bdb34d4df,4ecfe0f1-3c94-4b65-a66f-e944a938dd64,MSWO00923,2024-12-30T10:29:53.838852,1,2.33
640c61f2-b397-4a8f-981f-e3df70d2ec2c,ad98aeba-845d-4f8c-9793-9166b376e133,cb48927d-2da3-4527-8c38-4525c692173f,MSFO00646,2025-08-16T02:24:42.154669,1,7.21
f7158abd-9239-4121-a649-49d5e3d5befb,cf9caeeb-5a77-459b-b8fc-cf190202d438,3d5110d1-fe66-4f9e-8f9f-f2e2f2102723,MSFO00505,2025-04-01T08:47:24.802058,1,14.88
c77869f9-b5bf-4274-80a2-27e3b50367c7,98f10e57-a5da-4707-bb57-8deead0c0f1c,fe8fba4b-f87b-44b8-9f33-1c2831f5bc34,MSBE00936,2024-11-07T05:07:06.759324,1,5.81
5becccaf-44fe-4b21-8842-80399e811941,01e077f1-fb37-45c2-b02b-7b61a8dd1284,d7783c6d-2579-4c0e-8cfd-baa8df3b70cb,MSWO00737,2024-10-31T01:45:00.415979,1,5.49
d9aca5bc-34b7-43aa-922f-1bf5f299ec88,2c177732-8957-4d07-bc79-2248db973bca,1b24a7d7-95c1-43dc-8221-07044a526c76,MSME00665,2024-12-25T22:21:46.202621,1,75.94
4005f36c-198a-40b3-896d-d9d6440a8092,497b8db6-8885-48d7-bc68-f9de7c5aa696,edc723c8-4228-479e-85d0-0cee0a2c6733,MSFO00559,2025-01-25T16:24:21.655756,1,16.72
460823d7-dcd0-4d72-a48a-a83c1eb898ef,f919a232-2a28-428d-9e67-28635bc7201a,551504e2-d01c-45d5-a941-deb4c7d0e8fb,MSHO00436,2025-03-28T22:26:43.982374,1,7.84
99659535-c9cf-405b-bd4b-6d0c86d78f2f,3a0fe93b-6416-4273-991d-c8170af05cf7,d8ae260f-9307-474d-9b4e-7fd09324969c,MSBE00482,2024-12-27T06:09:34.855628,1,32.97
c064b3ca-0f3b-4f3a-97c9-6b939f41c786,5e1368f2-feb0-4415-a42f-44fce858e884,29fa2c29-e192-47a7-a35a-9ef6a82d80ab,MSBE00984,2024-10-31T06:05:46.552813,1,9.13
72526d6e-3b6e-48cc-95c5-24e13ca4e990,fb20c78d-788e-448d-b3d6-44215ac53d60,3ed27fdc-9f49-4a75-97cf-be5597c859eb,MSHO00729,2025-02-28T03:08:52.779986,1,11.23
d43f5b54-617a-4192-8308-debc0f5ee07f,2d72ba23-6338-4466-94bb-b586c2d9e318,2165b0c3-7d78-4c51-8fa1-8983bad05661,MSWO00497,2025-06-05T23:24:23.870764,1,15.69
dec7f127-9909-4225-9e8b-96156382e4ef,0c882f5b-873e-4c4f-8a00-0e7ace9a50da,e82d1240-2d31-49fd-91ea-ad638f8f9b84,MSBE00331,2025-03-05T13:43:08.627091,1,28.14
2e682bff-e503-4d07-9a6f-10999bceb0b0,c539756b-1594-4b63-b942-e1d00caf2c14,cb207ffc-69e9-4cf5-9dc1-828085030579,MSWO00739,2025-08-04T20:19:17.507859,1,56.8
2af384eb-d6f3-4d52-ac9c-c4fb7828f9b2,b9e55505-7dd1-454c-a489-9bd343fec65d,81f48ecf-fa31-431d-aff8-d83c83a4613a,MSME00602,2025-08-02T07:08:12.204867,1,21.7
e2ca23bf-8dc6-43fa-a7ae-2101cd8d9b03,1707a375-34ab-4814-bfc1-7d7ea64a233c,48309e7d-f2f5-4fad-ac03-93b3ca1caa17,MSFO00911,2024-12-28T23:17:02.570805,1,24.78
feacf53e-5c71-4d36-bf47-0a91e6a77b4a,a3767402-8d3b-4154-8bb4-b5865a0e3317,1683249e-381f-4a0b-9fb6-75074b21e180,MSBE00655,2024-09-30T09:21:48.363717,1,10.22
65a788d7-2a59-4ab0-bf82-53c1533d231f,d1e28cf5-c65b-4b13-84f8-bd3e62afbdcd,359294f4-0c5d-4235-af38-82547a54ce26,MSHO00495,2024-09-01T12:02:28.143120,1,29.41
699b476b-5e96-46bb-8ba3-19f4999f23c5,27b18111-884b-439c-b7a4-a364f64f2d5d,05c89cf5-674d-4b57-8b2e-08f8e5b983eb,MSHO00587,2025-02-18T07:02:55.209224,1,14.68
8160c5d5-a481-454a-aaa9-d445a9f075f3,7e66a36a-cba7-45c2-8259-73322d3cff70,fe8fba4b-f87b-44b8-9f33-1c2831f5bc34,MSBE00936,2025-07-09T19:56:00.104576,1,5.81
faa5aeaf-ff52-4508-9eb4-09ec0643b2e6,3b8cc324-5f9e-4ab8-9287-17febf7ce680,cb806ba2-528a-48f8-b936-5aae77f3f784,MSHO00181,2025-07-30T17:02:59.383200,1,119.74
869a95dd-2e63-4ce1-a0e3-cdabd59e2520,6e084104-e493-4b5a-a998-44b5d1106300,73b118fc-d1f4-4165-9792-2415967be235,MSWO00779,2025-04-17T13:44:12.421253,1,7.43
a78b2929-d2b8-4d92-96ce-4f4b9e6f490f,1b520019-a267-408a-9a0d-90a76f9a4c1f,39cb5824-c08c-495f-8590-b4011fc13c01,MSFO00226,2025-08-22T21:55:50.630918,1,12.33
41fb41f6-62e4-4055-a18a-4d3a1ec496b0,71069dc5-da6e-4564-96ce-535ed7b6eb20,aa184e0d-c189-4dc5-a703-be8b0c5b5b96,MSME00942,2025-07-05T09:18:29.507694,1,21.45
505e45b0-2337-43a7-b2ad-b2f2ca4afcce,5a9a23cb-7f37-4cc2-84bc-bf24b00fa3ca,42a86d29-b1fe-400a-ac3d-574d07ab211c,MSBE00433,2024-08-28T15:33:57.592268,1,31.47
51e86234-8536-403b-96ec-4fc3ea8a2924,f84b89ba-1825-4b07-8bc5-d119bbbe4347,d4094f54-8643-4f61-b48f-e5fee07c177b,MSBE00488,2024-09-20T23:43:15.675565,1,89.21
796d98d9-c682-48a7-a022-2b7e248a7d91,97f9f5c5-b4cf-468b-aa7c-c1c3df6acffe,ecea3951-3ef7-43a9-a741-b8800d944b94,MSME00662,2024-12-31T02:09:32.287078,1,7.91
23a0bde1-089e-4e61-8f7e-b0b9b67873b0,d679ff9c-e3cd-4056-8b94-b0a491c3ed24,ef6b0331-7913-4764-ad1d-882bb92fbfaf,MSFO00325,2025-03-10T09:30:50.379450,1,62.25
1f11069a-2b76-4256-9760-0401197f328c,8a96202c-f77c-4fee-a8f7-1d0440e1766d,4dcb25c6-8bbe-4584-89a5-45ec49298c72,MSHO00266,2025-04-13T20:02:06.253114,1,119.68
b23dd4b4-bb69-4134-9fed-8c8d4f6495d3,7864cc3a-c18b-4dff-a561-c2819477ab00,bb5746a1-0050-4fa0-b90a-6d2abac84967,MSFO00247,2024-10-02T02:14:51.616494,1,5.95
24326953-c4f4-4125-90d8-4e3f7f09d34c,f72d4408-cbcf-4671-bea3-9c485650b372,9f69fb11-0136-4d99-8244-d6a2f821cde1,MSME00339,2024-11-15T08:41:47.324368,1,5.63
1a232211-c00f-4295-ada7-c31c3ca0994b,5ef569c7-0f14-4eb8-b14e-0021bcc260b6,c913e372-3506-460d-8473-12c467542c53,MSHO00211,2024-12-26T14:13:05.185229,2,29.78
ab4ebc98-03c3-426e-83fa-21d455db84d1,d3fa4e31-abbd-4493-9869-3aa357d2dea7,8dc974cc-d8d0-41a3-8ccb-10cf3c5b42f0,MSWO00034,2024-11-05T23:50:42.355000,1,13.23
b1cba77c-4c1d-4599-87ec-cde5d64a16fa,dd7bdefa-8329-4196-abd2-01bf6c0f0e56,1631ffdd-d651-45da-a79a-c5825b3ceaa4,MSBE00126,2025-06-25T01:53:37.767146,1,10.12
28e0b906-3ebd-4a38-bade-82d784f4ce89,7250a619-a92e-409d-8236-282407d068b4,64e7c9a8-8d0b-4c08-9f5f-595aee6f5500,MSWO00372,2025-05-11T15:07:52.298688,3,1.27
d97f4f5a-2464-453e-ab1e-19361a5faa2e,38363da6-490d-4d49-9d02-1050806c15c3,b71abcb1-1b4d-47f8-a3b1-5e6542c8d791,MSHO00542,2024-10-04T16:30:15.240005,1,13.04
076dac48-74bd-4172-bdd0-4541f14a3a2f,a2280391-0286-4cd5-8fdd-f5f4f9b908ac,7a70ddeb-95fb-4df4-8d67-ae9032cf1db7,MSBE00303,2025-06-08T14:22:52.657753,1,13.18
890dc6b7-1f48-4477-a140-7f5c40cb3eaf,0d921660-0ae2-4a6b-9564-b9f09444a4e5,cbb5ee3d-143c-4603-bd3a-97f80ba66a04,MSHO00008,2025-03-25T01:17:36.876762,1,6.47
7fe99f19-352c-4319-96e9-c9fc8461626a,51b4c44a-dcb3-485e-a24f-649644b0bafe,feffe3ff-9965-4e13-a1f8-b87854a55579,MSHO00829,2025-07-03T22:48:15.024160,1,16.06
aee6b104-745c-4439-b7ba-2ead21c7c705,02b423c6-ae44-4b7c-a499-5ada6c0b3d4e,2db13d76-f20e-4b4c-b270-edc97e12bae5,MSBE00230,2024-10-28T19:03:31.937938,1,7.21
fd3a2960-9c92-4192-aa04-55dbd400bc39,83e1e502-a6af-45aa-b3d1-29f26b48f2d3,6f65580c-17bf-4cce-8f5b-7f8395703ed9,MSME00145,2025-05-05T13:50:53.041272,1,13.08
a853eee7-733c-41ac-b566-ecc0f473965d,002c63e4-1342-4449-b028-cecc27916e97,ca804724-2241-4ca6-b067-e440b6435bf1,MSWO00493,2025-05-24T19:41:57.205842,2,28.42
456e9d01-64e3-41f4-9ccf-888a36507248,0d01ed89-d201-49e4-a7a6-624a90477734,672ffaad-f3e0-46c6-bfb5-0325e35b7600,MSFO00251,2024-12-17T11:10:54.150623,1,63.87
3cae01b5-8a63-495c-b8da-4e6eaffa4888,d856da27-6ba0-4457-8752-c1e2901c594f,285c187d-3a25-4183-a032-52ff882c68d6,MSWO00626,2025-07-06T07:37:26.516198,1,4.15
fdfcd189-c063-4f63-a0a2-7709e8d20cd3,d55fb88a-b598-4b00-ac44-175c80fb31b0,e2176264-08c7-4c59-817f-7cea955f1fc8,MSWO00774,2025-05-07T13:17:25.348651,1,6.66
7d88ea9d-9d23-4e09-8217-d732508aad5f,7a5a2592-f04b-477b-97a4-3c246bd04249,a51e9df2-9ba1-4f68-80cf-af03c5f1315c,MSWO00985,2024-11-01T07:05:49.876695,1,61.29
75f9c1f0-3aa0-40c2-9890-8c3b24d91bc4,e1a9de5e-c2e5-4c47-9e32-32044c8cd5f7,092118f0-b160-483f-a0da-1e7d4fc2ca23,MSME00859,2025-03-21T10:54:46.420148,1,2.46
a070300b-6f4c-439d-a2a5-49f59ef866af,b622ef34-6521-4f68-8041-37eba08cd3ca,354c045e-bb5a-441d-8093-cc622982902a,MSWO00613,2025-07-16T03:54:39.259962,1,19.98
152d3956-72cd-4d62-a8d7-7e0e01c1a81f,9e3c8d48-9234-47c9-8cd4-9b9c0d00f6a5,b30691c8-15ca-469d-b263-d30b830817ab,MSHO00801,2025-04-17T11:33:09.056446,1,3.3
fda319c1-0ffc-4d2b-a188-4f93cf5fed59,89ffef20-7adc-4d23-8bb0-d5376e2776dc,a6628496-593c-4b74-8793-9a237258ed29,MSME00026,2025-07-17T14:18:41.318826,1,1.88
dc2e609f-779d-4399-963b-8b6c6cc1b812,387307e2-dd45-4d28-8e39-fec66919e906,8a95836d-ec51-430d-a642-a07fecf6cebe,MSME00581,2024-10-20T14:46:04.759120,1,19.33
d84d0f69-6c9f-4094-924c-f62a8fef6763,ed00d752-6fa2-45b4-aa9d-26883dd9e3f5,5b943060-389b-49a5-9aae-e316a35d9748,MSHO00847,2024-09-25T16:55:54.087211,1,9.54
bf94ddba-69ab-4fca-b609-510b06ae4410,670799ea-3b4b-4b18-8860-96e89475b29f,45b2435f-df70-492e-8358-e99aca72eadc,MSFO00101,2025-06-30T13:42:05.356782,2,15.72
6bfa4fe8-c139-4c23-8098-4fdd0a5b5e3c,3f9fbfec-ebe3-40b5-9cdf-a07056cd2a8d,c70b6762-97d3-44b0-a6d3-658cdd1a8161,MSBE00193,2025-06-19T15:12:04.503492,1,5.36
07b6b33d-d07f-40db-bb39-3ac8c551fefd,8f896f97-8c5a-4a3f-9eaa-f2d0b8c1dc7e,b83b848b-013f-46d2-81bd-daa44a0584fa,MSFO00186,2025-04-24T13:35:44.279376,1,67.72
9eea56fd-0f7e-4cb1-a092-3479e02231f1,5a26cb74-7e46-4b44-b9c8-c0a0a798b018,ceacef87-c90d-4dee-8efd-2efad0d128c6,MSWO00689,2024-09-15T06:12:22.874485,1,6.19
55a52480-506a-43ff-98a6-78f93ad532e2,17ebef02-ff6b-4aa1-a9ab-1a7fb8cc1868,da7fc486-37aa-4a42-8834-1baaf314e5e6,MSHO00751,2024-11-09T07:07:47.202167,1,23.76
1fa67824-6413-4ed0-bac0-db28cb771fe9,7125cad2-1aae-403e-91c2-5a2943bf6fba,b9208eef-19fc-4b1c-993f-4d886e088b2b,MSBE00988,2024-10-24T03:56:42.425928,1,31.58
d96e789d-952d-4d04-9bc5-748d3e240843,3d58ffde-6279-41d4-9c14-15368291e587,97bea946-b51b-4783-bb9d-39c91cab606b,MSFO00475,2025-01-05T05:44:33.884506,1,73.93
3cff5d52-1e0f-43da-9d50-9b2ae9aa8438,e8891035-4a40-4e52-99c8-eb20350340e5,eabe7249-c923-43a1-8cba-154e5eaec4ca,MSFO00295,2025-05-04T09:29:59.840816,1,28.86
2682409b-636f-4a14-a40d-4eaee5dfc83f,74063bfc-fbde-49ba-8092-bf0908d02605,58572018-2db3-4347-b5ba-5d1c2e17531f,MSFO00382,2025-05-13T14:15:03.218257,1,49.93
48801b51-8752-4ef4-a917-0d562d061c60,2958eb6c-0000-45f4-906e-0aa4277d5b8d,497e342a-72b1-4811-8fd6-76756c04203b,MSFO00385,2024-09-18T20:34:37.476238,2,26.42
cbdf4c03-5448-4e96-a5e7-4c44beaedd42,6cba012e-1340-460c-93c4-411c75f54382,0f0b4d71-6e6d-4478-874f-2609b3313519,MSME00466,2025-04-13T03:36:20.533664,3,12.0
4a5e6001-2314-4f85-b11e-95965e1214db,45299572-a993-4062-b7a6-7edece7c790b,35ac6166-ab59-4852-bbfc-9206878d2f08,MSWO00956,2025-04-26T17:50:49.167516,1,16.82
cff3a465-a7b8-47e3-bec9-6d6a26facc2b,24f91be0-682a-46aa-9c75-a7a3153f1611,d2e11e92-6343-4929-a39b-9de2dae50f73,MSME00914,2025-06-12T03:48:23.732977,1,13.96
324f2b69-07cb-4d05-a802-8dbfdc333ffa,4c138df8-4043-40b1-8551-e4329ee447d8,a6553381-6a78-451d-913f-bbc01135af30,MSME00515,2025-05-18T10:05:35.517625,2,35.98
5e1eeac9-4ee9-4cd8-bc1d-609ee9cbf33f,b743db88-dfb8-4862-aa08-453aec03d301,25bf6a66-6017-41a3-a563-cddd97d291d1,MSBE00722,2024-10-21T18:11:54.397974,1,27.68
0e13506e-3750-426b-9826-a886bf7c9ba0,227b1a43-bf13-43f1-aab9-8429033be29c,dab48c67-2785-4ead-9690-2c63fa7070b8,MSWO00316,2025-05-12T21:39:38.233219,1,5.31
415883a7-05f4-4fcb-a06f-0dde17093301,8c266a6b-d697-41f2-872b-58ec5c92f6e6,adb57854-56a8-4674-abe8-7d7710d46c8d,MSBE00695,2024-12-09T03:19:03.799203,1,21.99
3b76c84d-c5f8-45a0-8554-3f54022cb804,f6639fd0-ad23-4ce9-95c2-5e621770ab11,6399734f-6288-45d6-a78b-3d13d95add20,MSBE00758,2025-05-16T18:05:38.065594,1,86.62
0a582b22-c81e-4b0a-be53-2b2cf5706e2c,0625f98b-b0fb-4418-8c96-064c4335f299,2950385f-f1bd-436c-89cd-e34af225c898,MSFO00132,2024-12-19T01:15:25.183315,1,6.93
458bf6d7-88af-4a7e-b931-8bf70a6f68b2,5f3694bc-cde3-4e92-95d8-f3fd508fa4d0,8e331190-2799-4c24-b901-abeeefa4089b,MSHO00054,2025-06-09T20:04:09.736999,2,10.0
28006797-b0cd-48ad-a847-88403a8ba701,be6d9ad0-69f2-46bd-84df-922b65ceeb5f,285c187d-3a25-4183-a032-52ff882c68d6,MSWO00626,2025-04-16T22:54:08.542821,1,4.15
66e85ae1-23eb-4fc2-bc6f-db87f957bc33,43c542f4-2f24-4d14-a57e-6cffa3491ed2,5d2c3050-479f-418f-b7fd-6832284a08ac,MSME00203,2024-10-05T06:37:21.160772,1,6.06
4077ea19-3902-4ab4-9a76-0d9742b459e1,78ec87b5-018e-477d-86d6-4ccf8ff296ca,7dada7e8-87ae-40e2-9353-3c0255febc97,MSBE00163,2025-07-13T11:08:44.357279,1,7.59
38478eb7-0a4a-45bd-851e-6ddd3ae7350a,8c094cee-0796-4b7c-b8b2-db5b35d71439,3fe968fb-06bf-472c-8c55-ec40fdc77a97,MSFO00776,2025-03-03T23:58:23.317070,1,9.95
b29dccc6-5eea-46a1-bf33-a15c0ca9d637,ca9ad144-dafc-4886-aa34-6327bfed5975,2257a387-19f1-4495-b8b0-90b5a1c62d84,MSWO00723,2024-10-09T07:35:13.932278,1,3.72
79e3308f-a1e5-4f98-b116-9ac880ac89f6,c1e35410-372d-49c5-95e2-ac9243ea0bcf,245867ee-6468-4f72-839b-1dff96870504,MSBE00531,2025-03-09T07:48:11.251893,1,25.79
a97b2535-f0a3-4dcd-84bf-299eefad01b5,100723d0-4e67-4b7b-93c4-f8734f88b097,59ecb7d6-c4db-4650-b87b-701e051ca646,MSHO00578,2025-04-02T16:39:41.337764,1,15.53
dea3026d-8219-49ee-af7e-98a749b55713,d84fcbcb-dbca-4a8c-b6fd-008e41048dd2,2c68ba29-8dc4-4232-aa56-7b88afca7bfe,MSFO00732,2025-08-17T01:25:42.370252,1,27.11
895d99d3-708e-4bdc-acca-920a7c1e92e5,b638c164-7863-4869-873d-a159403c29b1,67131c14-e921-4244-b1ff-82df4e7d3c7c,MSBE00189,2024-12-26T16:14:16.366817,1,7.9
6343f3f1-15c7-4593-86b0-13b549ddb748,41f13d62-8488-4dcd-9975-de4a5c3c792d,4f15d198-ce50-4c44-8758-9a8002c1ef26,MSFO00761,2025-04-01T02:05:54.043945,1,8.58
a5c74ed6-e5de-4973-8192-3ce2a4d28c75,5306bdc4-ee8c-40dc-ad35-c0eaaf5fafa6,f579080f-bf07-4a54-ae71-7a5e422cc43c,MSHO00705,2025-02-10T20:55:43.466574,2,17.24
2a7662e9-8117-409a-a061-d0eaf1c6e739,91612d64-2a7d-4c5b-a23c-337b7712c708,23a2695f-bdb4-4fc7-91a8-ef3df3a5057a,MSBE00819,2025-02-11T01:11:17.723893,2,14.62
8f21ebd8-51d4-4e5d-bad8-b10a41d8a885,77c5d820-cc5d-4e20-b4a2-74596905c102,6ce3f243-d0f0-436f-bddb-6eb6f06f9b0d,MSME00378,2025-06-03T17:54:36.642005,1,31.82
860cafd3-9c62-4bdf-a7ba-c9b8db19edbd,c683aada-3ca8-4718-a2c7-762c76d79a18,0571ea1c-6f00-4ccd-a328-2329b3f366fd,MSME00455,2025-07-01T19:20:13.128741,2,69.26
806bb476-c428-4ea3-9b79-692802fe0979,249d554e-08a2-43b5-8633-dabde0395bfb,07cf650c-3967-4999-be5f-dbd45b428913,MSWO00000,2025-03-14T16:47:33.837758,1,19.05
1b459b4a-bec2-447a-8c64-9484f1903c14,95739361-56ed-499d-8866-9515062a9c5a,22bcf427-df84-4c3a-b246-6318db72e4cc,MSFO00860,2025-07-03T11:08:35.103471,1,10.77
eba7b929-49ef-4587-86b9-3ef588764375,b80be0a6-e0b1-4177-9505-c9180539d25c,13338e1c-e1e8-4026-baa7-c5cbae4e5a96,MSHO00848,2024-12-19T16:47:06.969296,1,13.41
2e4d357b-a1e9-4281-8185-e8faaa241298,baf839e5-0032-4a3a-9fd6-bd82f5ba5f1a,c3818cc6-3c60-49e5-8805-2dbcbd856025,MSFO00328,2025-03-11T16:05:33.185681,1,3.72
e989a1d6-794f-44c7-931b-b5fd2cbf6665,cf36975b-5e18-4556-b929-59d8c895e128,1719f4bd-f702-4d88-b783-aa124563d6a7,MSME00411,2025-04-27T22:23:13.857291,1,34.44
4d746773-6201-4fc3-a138-dd8a92e6cc18,184cd3a4-4b4d-4d3d-ad9d-ce8016a3980e,6f06924f-36f3-4428-87cb-d560499a4675,MSBE00446,2024-11-16T16:58:50.743974,1,25.04
b481f45d-b11a-4410-9d3e-407a2f232610,b166539c-bda1-4019-ba8b-641bb5e3167c,d15c6ae8-705c-4621-8846-6807f6f59651,MSWO00991,2025-08-12T11:23:11.062104,2,15.48
23f04be8-483e-4ee8-b36a-0322104a48fa,7768bc4a-dca2-4867-83fc-fe1f61f24923,2978baa2-f54b-409a-9285-3f80417c5bff,MSBE00486,2024-11-24T02:19:42.698754,1,3.65
980b69ee-e2fd-4466-be2e-6ff8b98f4acc,a5fdbb0e-7464-4c80-be3d-4abe3b07bf65,9103a06b-3bfb-4319-b3ec-9afc3f2c8c8c,MSHO00182,2025-02-22T17:47:18.200574,1,14.63
8cbfabd7-45ef-41a8-85b3-333c6ebf164f,7e1a866b-9f4d-41a8-a4c6-87fdbe7bc5e9,a74215ba-dc13-46c6-a1f8-35d627c0c037,MSFO00649,2025-04-23T10:57:09.719206,2,103.41
ce9799ce-c364-4a35-aea5-071cc499de7c,d6e3a9f5-52e2-4676-a796-97867cb7650a,c7823efd-7f20-418c-94ce-68656b2b0793,MSFO00396,2025-07-13T04:11:31.365780,1,4.03
69d59679-797f-49c7-8399-fe259a0fc7bb,3edbc3d7-2931-47a9-899f-ae7a9f884a3d,2db13d76-f20e-4b4c-b270-edc97e12bae5,MSBE00230,2024-12-02T03:31:18.088699,1,7.21
6e5b5400-07e6-4dcc-b9fe-2e55c3ff9148,89d19359-2741-4a8e-ab76-e0b85d723113,ddb7049c-8957-4dd1-8824-c0dddad66507,MSWO00947,2024-09-09T10:49:24.680545,1,21.19
2ac0c02c-f1b0-4f57-b5a9-72c08a94cee3,9f748c3b-43df-4029-a909-fd7a5232ec23,a67bce0b-d854-42e7-a1fa-d9c15ef01868,MSME00799,2025-06-25T04:03:48.249855,1,17.84
cc799341-f68e-4cbf-a433-582fe6fbbc48,540ca6bf-2a4e-40df-bd86-dc7bedf7127c,544a1a11-08eb-4c0e-b7cc-f5b459f1c937,MSHO00068,2024-10-14T00:19:31.891014,1,0.91
59743b58-03bf-4d89-9052-0575a19ecb17,140e7276-5ebb-4338-8d8e-5badacfb9442,2265b5ac-36ea-4f88-b244-84d0bd76fcd9,MSHO00103,2025-04-30T10:58:43.970937,2,11.92
16967c12-12d7-4b60-a4ce-3d1987856301,bd62ed3a-3e97-4271-b12f-7395bec80003,022f29b8-9269-43cb-aff0-e8a4ddc049ba,MSFO00772,2024-12-12T03:15:30.793018,1,13.88
f09f7dd8-d574-491f-91cf-df8c693372dd,4e5ce51a-a904-4777-8a48-07d2b1903872,07b24289-3385-432f-8348-e79dd0c5db36,MSFO00771,2025-07-12T22:25:01.250662,1,24.34
f5b6583c-580f-4dc4-a19c-8c7e4e9ba59a,2c19a2a6-b7b5-434a-88a3-d70ed314d7eb,adb57854-56a8-4674-abe8-7d7710d46c8d,MSBE00695,2025-07-13T21:21:08.511053,1,21.99
1535670e-bc76-4e27-8f2a-d2c9ec8d8b01,23121b72-90b5-4495-a26e-21fcbcffaf83,e88a1c0f-ed87-412b-aa3a-11439f293c7e,MSHO00024,2025-02-08T13:48:03.250351,1,18.7
5e71833b-3fa5-4b78-8014-2e1776a43f39,47f7f384-4170-4167-8e00-cb96a049fe28,88670a75-d188-47c7-ade6-baf68a77062e,MSFO00720,2025-08-04T05:15:12.000855,1,13.65
152080f4-dd22-4290-833f-3a8a45ca0fa3,b56f6412-03a5-453d-bf68-1103c62e794b,0672c989-59d4-4047-a5da-41a274ee7196,MSME00046,2025-04-05T20:15:58.235304,1,6.71
e22a1f1e-b52d-4148-be12-d9aa52312a93,342b0afd-57cf-43e5-8405-03d995a77b0f,a77f321a-d2f0-49d2-8756-9e3d2561e2ef,MSFO00019,2025-03-19T02:12:42.126439,1,12.47
69a198ff-58d9-4a80-a71b-eb9417e64be0,41cf42e0-e9e6-4ea1-928c-7c11a4c18851,7754b1d9-60ab-4cd0-9452-11f8009af67d,MSFO00003,2024-11-23T01:44:29.850837,1,30.25
d1804bd8-143c-4da6-b912-16cafb07024f,7668390c-aae6-4355-9323-93610458d5c3,331a25fd-cd97-43f1-ada8-d9364457ddca,MSME00798,2024-09-24T15:30:52.431113,1,5.88
ede5b240-6303-47c0-a775-188bb02e5949,f97b6f1f-6bac-4bfa-84bd-f7dc8ec0c12c,7ccddf84-1542-45be-9e4c-fdb3a4ab8f15,MSHO00468,2025-03-18T18:21:57.071139,1,27.79
9c1b33ef-228b-41b1-b998-3854b43e052f,ba86d560-7ed1-47bb-876d-00e8acd15cba,f11113df-e510-4e1a-a076-4ba47d7b1a8d,MSFO00107,2025-07-24T04:47:25.813140,1,14.94
fa1a9848-8b57-4327-8c90-baa78faa5a5a,2fa89b5b-6d5f-475f-8cdf-f019f002b606,f18d0661-1655-4c44-9a83-b6b59b10605e,MSFO00395,2024-10-03T16:41:43.165006,1,1.95
a167306c-670e-4dfb-88a1-17f9dde618fe,1d7f763a-4e71-4e2d-af0e-01bf8ebfc0d4,3d7231b4-dd07-46c7-b52a-e5734ac54930,MSFO00673,2025-02-25T09:29:26.899318,1,7.48
6e889f54-c65c-4993-aeff-ecbab3834fe0,ba587957-d6b0-459b-8d84-5c6bc29df9d9,132df0e2-d22f-4bea-8e12-412d840eb5ce,MSBE00109,2025-03-03T06:31:49.803118,1,14.97
ab0dd12b-3861-4179-bb1f-5dd12b61f3f4,89877460-9b54-43ee-81a9-9ce26449bb38,238e4252-241c-4ce5-9cc9-9407d5969104,MSHO00128,2025-02-08T22:18:56.931402,2,47.74
cc0541f3-e548-49ff-8a95-0c0789f397c3,def53ed3-788e-4a41-a3e4-21fca4b966bf,f30e4821-a567-4309-9e36-78c336fd8bd7,MSHO00690,2025-02-10T03:34:15.208559,2,3.29
1106f3e3-2ae1-4c44-b305-f3c4e172ee5d,f31dbac5-ee0c-49b6-aea8-74c9cc018a88,0dafd284-8389-496d-8dc4-6c8d2f168f7a,MSHO00827,2025-03-05T22:38:09.635748,1,3.97
204311ed-671b-4b76-a0a7-fce22aa87bc9,c2285ba7-0cfa-46a5-a666-2e08f9646fc3,b95ab3f4-3a72-4a07-b6c2-fa2337e5813a,MSHO00288,2025-06-13T13:04:44.061094,1,7.6
18e3ab2a-de31-47aa-ab44-f48ba4fd3ffd,502c8a5a-fffe-4831-b86f-40d72c8d20a5,8aa3ce62-da2e-443b-abcf-d8cfab15e6be,MSBE00970,2024-12-09T23:29:21.300463,1,29.83
37479c26-dbdb-4f48-96c5-a2dd4d9fbea0,bc9bd4a3-724d-4171-8850-d8237fe8635f,19564529-c61c-433f-87b8-c16175dd18ef,MSHO00342,2025-08-16T09:19:16.193750,1,6.78
c935ebfd-10eb-446a-b1b3-50ac56f168be,d2e2eb31-1e46-46a4-a2a2-f480d32d91d7,1934c982-b574-4b4f-a8bf-3e3ac8ce85a3,MSME00781,2024-12-06T03:07:45.693745,1,21.61
92b77af5-383a-4943-ab3d-61c648bd8f39,a558fd7c-3a87-413d-bb4a-00ff88be2c13,dc8a4de7-ddc0-49cc-99d0-196e1cd17b9a,MSFO00044,2024-08-31T00:00:14.107817,1,8.95
b1082043-b841-419f-9727-9bb2dc5fbf77,472b4c5f-95ab-4ed5-973d-7bd41839ed63,f0e6af51-f296-413b-ab7f-fbb363ede5a1,MSBE00157,2025-03-02T18:32:42.415204,1,19.07
07d03b1b-aa5b-4112-a13b-f109960d8e5b,425156b0-dcab-47d8-b082-0fa242e6027a,414d0b20-70d3-40e4-8170-6ad21a67eeb7,MSWO00552,2024-10-22T22:51:36.680813,1,8.8
02cb9da0-121e-4f01-9694-8749e67f0a0d,da0c2666-2244-4cbb-a0ab-f13ccd0b8672,d2e11e92-6343-4929-a39b-9de2dae50f73,MSME00914,2025-08-05T13:14:57.468395,1,13.96
8357842f-6f55-4e1a-9b19-4b02be11f255,e7fe33fb-5b39-4236-b5d5-d99cafdf504b,7b444151-8a5a-4b86-8ac8-5384f99bdaff,MSBE00178,2024-11-03T18:31:31.222867,1,12.16
2fd90c52-f91b-49d7-98e5-619705e4f08a,3dd98ea5-ab8a-4420-af1c-eda97fe609df,ccf1f120-c3d2-491e-a9d2-d3a721ecdd93,MSWO00925,2025-04-07T06:02:01.892396,1,24.43
7a54ba46-50c2-4685-aefc-3958001fb254,f4266675-1194-4393-b899-a670c676f53c,32206a78-17d7-4fb5-8bc2-f93803aad9ea,MSME00062,2024-11-12T06:17:29.355508,1,12.89
642065e3-fea1-4ab1-911b-6ae4ec7570cf,30005926-6099-4488-89df-c3026bb3ff72,c756a5b5-b784-4f55-b356-3a7f0965dc4f,MSWO00227,2024-09-17T05:02:46.413052,1,5.54
9b6fffe1-2b0a-4b9e-aa0a-9f5ec3ffb8b7,bdb05c6d-9e8b-438c-90ba-8e7db510d496,9d42ae6e-37c3-44af-8a00-6f752706dff7,MSWO00995,2024-12-02T11:45:09.864165,1,5.43
e4ceae00-eed7-4754-aa1a-aae1f52d1a94,1ee3f040-b591-4316-b38e-34ecc043d0bb,6e5c8a02-54a5-4f06-8dc3-607758ef5f43,MSFO00408,2025-05-06T06:35:46.173704,1,53.21
0e1fcfdc-b75a-4896-85e9-4607647e26bb,6d3fe703-785c-431d-a1ae-742e6238f1b7,3d5110d1-fe66-4f9e-8f9f-f2e2f2102723,MSFO00505,2025-03-20T11:35:52.524612,1,14.88
436adae5-5363-40a4-97be-e148c8623c3f,5a49d927-dc2f-4fc2-8c28-3931db9f6ff6,e5485a90-c1c8-4167-9016-d06cd1250fdd,MSBE00598,2025-03-01T02:27:48.511264,1,3.7
26e18d61-f218-4c08-90d2-dbff0023a675,2d421d43-6c69-42c4-8b5e-a1b8979d5335,be52ab7e-a2b2-4900-89b1-72caafae6d8b,MSFO00933,2024-11-10T22:56:20.417056,1,20.87
95668e6e-e60b-48ef-bde5-5d4ac54b8725,333c9ff2-40c6-408b-a86e-80c6e47d7c92,fe8fba4b-f87b-44b8-9f33-1c2831f5bc34,MSBE00936,2025-02-16T13:39:43.574889,1,5.81
44272113-c532-4aed-97da-a9e7abb7c8aa,2ebcdbdd-3eb5-4ebd-ad70-f1a4b6e47376,37fce5c6-62ee-4eab-8531-8249c3b825a6,MSWO00210,2024-10-21T19:54:44.056479,2,71.08
e746b7a2-a780-42b7-ac58-320e01c9d012,54252281-dd6f-44a0-a51b-c40bf850654b,bd0f71ac-e86e-4d52-85d6-8b9dc282a106,MSWO00721,2025-03-27T12:44:39.911901,2,139.52
86a9a8be-548d-4b8f-924f-dea7d9772466,915d4121-60f7-4edc-b3e1-31b4de21dc0d,d38ac121-f81d-410e-afbd-612f309e53e8,MSBE00950,2025-07-23T04:43:48.419684,1,42.13
007fc45a-676b-4a83-8795-f91729a6c234,c1927cc0-f0e3-4aa4-abcc-47cac046cf1b,3ca4d3ec-b387-4d57-85cc-6e759ebb2468,MSBE00367,2024-12-25T17:48:31.085351,1,61.33
2aad1212-619d-4c64-a9e8-7f31243b62d4,47c700d0-752c-4f24-9624-18fd963859c8,255c3280-9a38-44bc-8dce-db8a8af6626f,MSME00703,2025-05-01T15:07:17.142615,1,35.04
682653ee-e012-4e17-bdc9-fc1e5b481f11,5d3fbf48-1fbd-470b-bd31-7e6ec641affa,d91449a1-4fee-4a85-97c1-43463aecf2c8,MSME00168,2025-06-06T16:37:29.247330,1,2.81
0a291891-980a-4774-8c0c-f67f1dc09885,ef07c3cf-353d-4b2a-9e66-fbf9c939d2bd,a8da9b88-15c6-4941-b9fd-28077d149698,MSHO00828,2025-05-16T23:45:49.643804,1,19.74
747668d9-8f42-45b9-b342-219eaa13fa9d,c9be5233-0046-4a8f-80fe-3e101d99abbf,4789370d-e925-4a8d-b156-35a39fb7332e,MSFO00105,2025-03-27T05:17:45.058331,1,10.13
8c72535f-7883-472d-9b51-5660b4abbd08,e871ecb0-239e-428c-8e05-c488ce0b7122,0dafd284-8389-496d-8dc4-6c8d2f168f7a,MSHO00827,2025-04-06T10:07:48.830976,1,3.97
bde79b3c-3925-402f-951e-d12272af8183,b54b6f36-63c4-417d-a1ea-65ee41dcc816,98e98f92-af67-4784-88ac-3a6868f8bf38,MSHO00994,2024-10-23T05:59:45.048880,1,12.35
24eb0bf8-676a-4d41-ae95-0044e4860637,60274e96-dd39-49ab-a1e5-8f57b002d78e,544a1a11-08eb-4c0e-b7cc-f5b459f1c937,MSHO00068,2025-03-05T11:40:05.760012,1,0.82
4981cd9f-4f84-4d85-a52d-d0fe9aa44975,e6d37fe3-61e7-4e98-94dc-a4907612ef33,73b43c23-ae82-4069-a6fc-2fced0114fe6,MSWO00637,2025-08-06T10:40:39.681050,1,3.37
582060b7-edf5-4ca9-8645-b562413a330d,8993febb-1e99-4476-bf88-b32f2c827b6a,7cf99ef4-20da-473f-b0d4-eae653929f89,MSBE00057,2025-04-30T01:49:52.306011,1,9.07
3449f6f9-5da4-41f1-9330-7e60ddbea942,44dec5f7-3ce3-42a0-850e-c2bf20eca65c,6b31c102-e7a3-4ca4-bf7c-4416e9b2f628,MSFO00752,2025-06-03T00:43:17.548504,1,85.96
6acb3fde-b8ad-4a6c-bef4-4646c2b4f518,0e73ef1a-46bd-4b6f-ac84-2324184f5882,8edcd06e-f31c-48aa-8d09-75fb657d24b7,MSHO00810,2025-01-03T22:26:03.665851,1,19.86
22d0e7dc-d3d2-4bc6-a953-69202159c2bb,2c6aba2f-9642-433d-a99a-eddd6d9e0704,77885a11-f3f8-447a-9b82-6c21fee539f1,MSHO00324,2024-08-30T14:59:46.865847,1,6.93
06033b46-6e4e-47ea-9b5b-02c866480ae7,126a3e1c-6eaa-41e7-bb44-56e45333c735,c115ed1f-926b-48a8-9457-11ec277f9e86,MSME00056,2024-09-22T18:53:41.048605,1,3.02
b5e95f80-c4bb-45fa-94c3-952577d090df,860c539e-30ff-4d1e-b6a7-0e9a8be29bb5,827ddb80-a837-4cd0-a401-325df4313858,MSME00327,2024-12-04T03:58:44.510352,1,28.12
52d64037-590b-4bba-83bf-cead1612aa49,9a28ad9c-63e1-4268-aecc-6726d8f066d6,d2e11e92-6343-4929-a39b-9de2dae50f73,MSME00914,2025-07-28T00:46:56.126856,1,13.96
a8fdbc43-0cb6-4334-aebd-c0132f1c4c0d,a2d910c6-6fcb-4f4e-89de-ba90749a7078,6399734f-6288-45d6-a78b-3d13d95add20,MSBE00758,2025-08-04T16:05:55.119398,1,96.24
eaae6610-a892-4443-9519-c18d2ca30046,ac366fd3-f186-4862-b13f-9b7d4c2a5d64,711bbbab-8deb-48d9-a976-0ef7d06ffaa3,MSWO00610,2024-11-20T13:53:13.474142,1,11.69
8e941da8-9479-40c8-9c8d-af69a4179b28,720e33d9-ae02-4142-8ecb-e3856fe09d92,6772589a-8989-498b-9a1b-1ab590e7bdd6,MSBE00431,2024-10-19T05:25:46.757944,1,8.05
5fbc64f0-f2ef-4976-adca-5df4df8945f9,8f5669dc-2a8e-4bfb-bd10-44b7a32884c4,adb57854-56a8-4674-abe8-7d7710d46c8d,MSBE00695,2024-09-27T02:40:03.731666,2,43.98
dece57d1-44bc-442b-9c0e-081f9cb71403,ff27d77e-c7b7-4931-b5bd-1df2ad455cba,183d2438-ee4d-4893-9517-a61a25f71842,MSME00320,2025-07-14T01:41:33.489794,1,7.26
483f7c90-80cd-4384-97bf-469b7118e10f,ae966f74-7c69-45be-a301-1b6db9952fde,d54b39e0-3b66-425e-ad1a-31cad6c2139b,MSBE00718,2025-03-20T17:49:01.529358,1,8.48
632dbe3f-3033-46bd-b34b-83b6c320359f,ae6afd19-43b4-47e6-bbba-73dfb6cdeb03,317af7ea-0a02-4cb9-804f-e2d6f06cdc36,MSBE00391,2024-10-11T03:31:52.165185,2,12.74
5a8230b9-01f8-4234-b2bb-83e741cdea45,52a8184f-4502-452f-a458-905fe0870cda,3900ba0e-2758-45ed-89e2-87b7929ec320,MSHO00509,2025-01-14T09:57:56.230732,1,17.21
d9947130-d062-43ac-a9b8-5a451a4e0785,5a53064c-aa94-4f19-ad61-bc70506a47f1,4dcb25c6-8bbe-4584-89a5-45ec49298c72,MSHO00266,2025-05-16T00:51:18.150709,1,119.68
17c27e25-7a56-4138-917b-d7ed9361f8d8,a3f482bc-f94a-4db4-a799-c60be821a5de,5f1e1e11-8f8e-4fd5-a188-9bd1d9cabed2,MSWO00332,2025-07-06T05:32:23.940559,1,41.24
cfb0d672-0a78-4140-9bfd-8e8255d4f32c,b4396a7d-bc70-4ef8-bdb2-04493944b84c,49397c5f-a285-4899-bc33-4d646759f416,MSFO00591,2024-10-09T22:13:33.730795,1,11.16
e5d0dcfd-54d6-486c-9576-3773726ed117,98bebde6-8a2e-437c-958f-e9bd2bb6aaf3,a7654b20-94ed-4604-bd4c-4de55b758a0b,MSBE00117,2025-03-01T03:59:57.650346,1,27.63
bdb29176-2dbc-47cd-8a64-cb4b797388c4,8d0a8307-20fb-4038-bfb6-97d0b9ccc57e,bd1bada5-b889-4bc1-a76e-b9794f6b8f52,MSWO00151,2025-05-03T02:27:00.548311,1,18.62
2edd0a24-843a-4800-b697-f0285fc474a4,7cb8290a-1d99-4d1b-94f9-bd2e400603e5,d7783c6d-2579-4c0e-8cfd-baa8df3b70cb,MSWO00737,2025-04-20T23:49:07.875356,1,3.84
ae0339fe-16e3-4a5b-8b8d-d10787dabc99,bc90afff-fc9b-4870-b521-222e910347f0,8f01d5b0-991c-444f-b777-77737563ec70,MSME00106,2024-10-25T17:02:19.376768,1,83.19
5443e78d-b790-4da0-88b1-07ab407a1f8e,9e0f7896-a7e4-4616-a97d-a8cbbd99612e,613785d8-6375-4b33-9472-ae66f5c6cfca,MSME00652,2025-01-13T14:06:35.702246,1,55.61
aa05f79c-d544-4a42-acc1-c1ef6b92130c,2f909dc9-1dca-4b9c-b741-0565cdf5f041,fdfab479-7025-490a-b1f9-dc730293e786,MSWO00855,2024-10-10T12:03:54.765694,2,8.29
00e6dd49-5889-4ed9-b707-1133db6a6cd1,459f8049-aed8-4f94-aa31-a56eed4a28a0,c8ea7f87-44ca-4349-8d66-197e7501db00,MSHO00981,2024-11-02T04:57:07.477785,1,19.9
a6bdc28a-9bd2-4926-813e-dc7675ebc6b5,2233a486-80f6-4d60-98ca-1107e0d788f7,77f66d87-9977-4dbb-8073-4923734cde47,MSFO00094,2025-06-12T19:58:56.386682,1,1.71
bf6f1dab-5202-4840-a320-f47c67c6a511,ca809532-b4a7-41bf-bda1-8a2f5f3328e8,a77f321a-d2f0-49d2-8756-9e3d2561e2ef,MSFO00019,2024-10-30T01:26:11.716277,1,12.47
5f134919-7e6c-4ea1-a83b-98d68524cfa1,f1e1f497-5cc2-437e-94c6-3689525d4432,47edfa1c-a416-41ba-b1ce-6f02e525391c,MSWO00901,2024-10-04T13:04:37.472945,1,11.73
587b936c-ae75-46c9-97fe-5d5b04557751,fa1c624c-f836-45ff-b46b-f16bf370354c,58c9401b-0a08-48bf-96ed-502bc787037b,MSWO00263,2025-07-25T21:39:16.261309,1,18.14
6fa034c7-3337-4ee3-9132-c5ebd4881b0b,bb30d2fb-56dc-4f37-a637-71f883ed9aa3,01399fc9-3900-41ff-8cdd-c03ef7c14489,MSBE00340,2024-10-29T17:52:04.982317,1,4.77
9070eb25-b320-439e-8b5f-f2044bdd12a4,f9cba662-17cb-462b-9b4c-0253f685a6a1,07cf650c-3967-4999-be5f-dbd45b428913,MSWO00000,2024-10-21T23:22:25.489888,1,19.05
7c618e6d-5619-439e-9ee9-0020c343c4db,34e8f1fb-0881-46a4-a18a-7e5dd0f2458d,e24ef2c9-22ba-4e50-8a79-b022ab1696e1,MSHO00065,2025-07-30T17:51:05.786576,1,15.92
7d6b3140-dbf1-4d68-9072-a2798d3d6986,b8a65679-ce35-4ff0-a188-4d9bfe6590f6,4a22c15c-7682-4219-8b76-410e82fe2ad8,MSBE00321,2025-07-02T13:25:41.143318,1,13.6
3ccd1820-129d-4575-862a-4d0dd28f650d,330029ad-6952-420b-a592-4b5e71373a7d,c682b04b-0bf6-4e77-94ec-a8aab2eba251,MSBE00733,2025-01-21T15:36:40.748488,1,7.58
f1491613-f567-4588-ba9a-a9ab9ed4c126,277e787a-5ce8-48bc-896b-06b5162ff759,e0fbcef8-36a9-4fdd-8b9a-52aab6cc73e8,MSFO00840,2025-02-21T12:11:21.086770,1,28.73
563780ea-a821-47ef-90e6-2de3cbb15147,e9bcee2f-d5c0-45f8-8a79-d3aeaa1d92a9,c2037c55-59d7-4c07-9d34-31dbe8229725,MSBE00012,2024-11-06T19:22:37.200040,1,7.1
5b0a6ed0-c40e-4eca-bb99-3a3ccafd0252,68e6d8d8-6a82-4743-9cd0-820da152b3bd,14661d86-f3d0-47d3-ab25-d2efc0c45f74,MSME00725,2025-03-15T23:33:22.796731,2,51.62
bd8be441-9fd3-47ec-86a1-da882e8d7929,cf9bb66b-e661-4204-96c0-062fba96c954,c1ea504e-89b8-4635-b2f9-0aef2c452380,MSHO00179,2025-07-03T16:40:47.623386,1,8.3
9d631ef0-46d4-4425-b269-62623614462b,3b31e1e4-53a4-4e22-9723-93463e954bb0,fac3e69c-414e-4b64-8171-948afc11cc32,MSFO00348,2025-07-24T17:51:16.109441,1,8.16
ec75f314-28cc-465e-abee-d4ae53409543,73cb3567-0acd-4af6-bc5d-fdf585586196,359d1719-7cce-4dbd-9b3d-d91e1b2818a5,MSBE00007,2025-05-01T01:19:32.093898,1,28.66
a8339723-208d-4bac-9ea1-904a03c16116,ea226a1e-d86d-49c2-be36-e972cdb39e8e,6085c8c6-74fe-4b4c-b871-833449afbc06,MSHO00027,2025-03-01T02:04:21.084349,1,32.78
14dbaf52-8b0a-4080-879d-3cf620fefc8c,7f02b1cd-d16f-4c08-9cfd-36e03ee97df0,475af0aa-935a-4df2-880e-c972c6b979c2,MSHO00066,2025-06-16T04:08:10.734644,1,14.93
f927acc5-0926-433d-927e-42a1fcdf70d9,921cbb34-d2c1-4cb3-b66b-b1556ebd0f8f,a78342b9-78cb-48de-a9e1-a2d2fa331940,MSFO00971,2025-07-01T13:03:38.486544,1,10.52
8d87c619-35af-43df-a41c-ff95dd4c5383,96583332-5b35-4c85-a656-6988375be012,d9bacfea-2c93-4521-99ad-1673670f6169,MSHO00143,2025-05-11T05:45:35.660381,1,35.34
ff689dac-99b9-4e72-a046-623a703307d2,0b394994-124d-4b7c-834a-55e30d56bc9e,331a25fd-cd97-43f1-ada8-d9364457ddca,MSME00798,2024-11-10T04:46:53.659668,1,5.88
4d182b4e-2c43-4e7f-96ca-e8c08b30c353,a224e39d-30da-493b-acce-7ef72f283e65,f2277360-7f0f-4e1f-b828-def256ad3860,MSBE00440,2025-07-09T15:30:24.953740,1,33.72
f1c3b5d8-00b5-444f-a2f3-f95f21e65fee,45297255-f23c-4c9d-87b0-5f9c7f7608f3,827ddb80-a837-4cd0-a401-325df4313858,MSME00327,2025-07-23T01:31:15.816519,1,19.68
ad7a4862-c344-4389-b49a-e71c9783859e,141cfe24-6040-450f-ad83-91e26a506a34,c3b4277d-5b3d-4518-8eed-f787bfd0ae50,MSBE00131,2024-09-04T22:29:04.066532,1,10.16
7a58767b-385f-4d55-bcef-8131734493c8,367829e1-7527-4c65-8fda-17a22f2dcfb1,c913e372-3506-460d-8473-12c467542c53,MSHO00211,2025-08-19T22:02:25.858833,1,14.89
22106220-4493-4358-a1d6-f7019eec07bb,7f4763fb-b317-4f4e-9aac-d4bda6369c94,9c3273f1-1234-451a-a921-2a89fcc4e470,MSFO00471,2025-03-11T10:20:08.873591,1,4.78
17f7871f-c603-4dfc-ac6a-781e92a38f17,79826415-78ab-45ef-ace8-45c8e7e727b5,d24bc416-c239-4224-ae9b-b69c0d5ae3be,MSBE00570,2024-10-08T05:35:39.177885,1,14.08
49be28dc-926d-4119-9959-d6a312c1dde5,ee0dd118-c9a8-4465-9ca9-e4143a35d638,4cbf954d-0b8f-4d18-8025-f40e3d69615c,MSFO00854,2025-04-08T04:29:10.110701,1,26.73
810fcf4a-b3ad-4567-97c1-6be9f8d3e156,b83acdba-ea20-4733-aaf4-68747577ebe8,d8ae260f-9307-474d-9b4e-7fd09324969c,MSBE00482,2025-03-26T14:42:34.829399,3,109.89
919d2968-ea6d-4400-9450-a61b47a749a4,6c0ab8ee-7142-427f-9ad7-9f0a4271c292,3fd3b6c6-c143-44fb-9507-e7cbf614db3f,MSFO00880,2025-07-22T21:25:27.277592,1,17.43
e3ccc919-c1f9-4825-b63c-d0afef77f1bc,26e39dbe-1eda-4812-b6c6-53054d13f074,5eea2ea0-741b-4187-8f1e-6d54b5a88240,MSME00975,2025-03-06T04:35:46.167939,1,3.19
6d9179d3-ad26-4aba-ad1b-c1e32feaeb2c,b5c2c8a5-a9c8-4ada-a18e-a75abee74373,a74215ba-dc13-46c6-a1f8-35d627c0c037,MSFO00649,2024-11-02T00:48:43.904831,1,64.63
1a8c03e4-6371-450d-b90f-6796471ae529,4cddbe3a-4076-48d9-9f16-c9f42134aa2e,e2166220-9e0a-4ca1-a513-06a07decd251,MSBE00491,2025-05-01T14:55:03.313878,1,30.23
832a99d4-27f3-40a3-8e61-22cbeffb9477,db043cde-62da-4e63-9d97-9f51d71c228f,e4908c8f-1861-43b9-af07-77f5729aae17,MSFO00898,2025-07-15T15:32:53.629853,1,0.85
3674e5bb-2772-4965-965c-d579ca2a69aa,068647ac-1c6c-4c0a-8bd5-5bcc5bac2ae1,3021a31b-51c0-4468-bdcd-5ed7f5aa1694,MSME00834,2024-11-13T03:09:50.814754,1,99.48
691266b0-1cd4-41d5-a5bc-538a98cc7015,3637b2ad-23c7-4df0-a22c-18640d79008b,07d8381c-d3da-4c30-9196-088e2b7be24f,MSWO00452,2025-08-08T00:06:09.810644,2,87.86
56536188-3bb8-4466-b28a-c617467f9bca,03388f26-e43e-40c0-b448-7b7335c3f288,5c7a6824-4f16-4c7a-b057-c19a6cd9e7fa,MSME00534,2025-04-01T14:22:41.272385,1,21.3
923270ae-b3a3-4bd8-b2c6-d557be946bee,5685b855-dc72-438e-896b-b9e19182225f,fef6621a-369c-4912-b03b-314fd831c492,MSWO00480,2025-01-25T00:41:12.500294,1,18.06
2ecc6920-72ac-492f-ba08-6dd2fd055dbc,a0fa3ead-aafc-4c0a-8dcf-c6a97419ca9a,a3e8a00f-cf39-4a1c-9e48-b769223306f3,MSFO00349,2025-08-14T01:05:56.800360,1,45.06
e2a03f65-03af-492d-82cb-85a261b5206b,4fcabf05-96db-4d17-b9db-f0fcd0155f3c,47edfa1c-a416-41ba-b1ce-6f02e525391c,MSWO00901,2024-11-16T03:32:46.826703,1,11.73
554d368e-cc7f-4f29-94e0-ea4ea2745006,a497641d-5a0b-4064-969b-dca5559193ac,3637806e-1f74-48cc-b6bd-f43cc9589307,MSBE00180,2025-05-19T14:00:41.068170,1,7.34
7e51aaca-aace-4ba8-9f95-b49edc292f52,3cb13d74-18a6-4560-971e-8b70799bbdd1,7099134a-91a0-4f12-b267-ff120edb72b7,MSWO00399,2024-10-07T04:46:18.659216,1,7.33
9733d47b-276e-4d4e-8702-9e1cde8f4380,8d622f22-5425-45da-a8c6-bba52ebb56ca,c756a5b5-b784-4f55-b356-3a7f0965dc4f,MSWO00227,2025-04-27T09:51:46.327351,1,5.54
b80765c3-1c9c-4921-aa17-46283f560f82,92462e79-b78f-40de-9661-a09e80675a8c,1ffd99c3-6a2e-4cfe-b674-a7d75160dd5a,MSFO00699,2024-08-22T09:26:14.264386,2,8.56
bd8a73b5-1605-4627-8709-48ba9d423034,079daa53-c9a4-432e-b45f-445729f712ad,3fe7ba3a-996b-4a5e-9fab-3c1effeb0a33,MSFO00589,2025-06-19T23:48:18.323624,1,10.49
c193a6dc-871d-4731-a778-d89226dfc4df,23a252a6-88a8-485f-b71a-e8deda950080,42a86d29-b1fe-400a-ac3d-574d07ab211c,MSBE00433,2024-09-08T06:07:51.662015,1,31.47
e644d9f8-0b86-4c8c-a3bf-86dad27e70e8,eb0c4a37-3316-4d9e-aa3f-edb2f32171f5,6954052a-3733-43d4-b2af-162b7b0d55d1,MSBE00959,2025-06-09T15:30:27.393826,2,65.76
cd7568e0-3998-442c-9866-0f10fd3f17b3,f49c79ca-cf8d-440c-8ef5-375ab71d5b3e,574f8ded-ddf7-4a21-9627-5f8a9fa6e3b0,MSME00403,2025-04-22T07:13:01.457939,1,9.91
80ea4ea6-8b65-42a2-90ec-5f11bd088b9c,c17d4283-65ee-4481-a04b-13f295b45d45,690e878c-f6b5-4cb9-9d41-1c5e8dcd26bf,MSFO00525,2024-09-16T15:46:33.615530,1,52.75
d29ff58a-d946-4fae-8d10-32d4685bbd41,68fb14c1-5c56-4cb0-9534-0aa4c43209ae,62a26438-2ac5-4d4d-908a-7f53cc7acdb1,MSBE00351,2024-08-25T13:32:59.874730,1,9.3
ea2903fb-53f5-471f-ad3d-b417bdae4a01,7d2d9f5a-a02a-48a6-a9b3-325b44f4349d,7025a6ec-36cf-4adc-aeec-62994adef5bf,MSWO00872,2025-07-19T01:57:29.012511,1,14.08
7850d60b-ff3a-4b51-8251-9ee51383efdb,41049d4f-1624-4bf7-8c2f-a9e51a85c0aa,61940ed2-6246-474e-ae4b-9776d662ec94,MSFO00185,2024-12-18T21:22:01.250691,1,6.48
14c54152-6ada-464f-a548-aa77bb9a2e19,0b80224f-96a2-4325-a497-21ce47581496,433ed421-fe69-4d9b-9301-06a9e4803a9c,MSFO00867,2025-04-27T22:31:00.786821,1,25.31
9bb46783-7094-4af0-a336-24281e065977,9bfaab99-0ea1-47bf-a44d-3a0a2ef3c667,7e0897ca-b926-41fb-b40b-4c43a7eda18e,MSFO00683,2024-08-25T22:57:24.304395,1,11.79
7a117cad-6a52-4cb2-a4e5-6f4d91dae128,a474931d-0814-4a25-94fb-80227a27b6cc,245867ee-6468-4f72-839b-1dff96870504,MSBE00531,2025-01-23T01:22:25.857713,2,51.58
efb0a144-5d19-42d7-93ce-455108a2d7aa,ba5aa74e-1f0f-49aa-8868-727d26319d05,c87df1a7-e566-4e4a-97de-3c39e0921cf2,MSFO00996,2025-01-16T11:31:52.552441,1,10.35
52f2008d-102c-46c6-82e7-5231b2f41dd6,4a8b0ddd-9902-4c23-930a-dfad0b25a1c1,854d568d-9e0c-4de1-8e8c-d3d01e702ba5,MSBE00038,2025-06-14T15:49:44.313656,1,1.93
3023b7e0-a4b6-406f-bf33-9f8fa793db91,2c1bb066-47cd-4308-8dce-cf4e133c9278,3ddfb858-e0ae-44dc-a56e-8f6939ef38f6,MSHO00962,2024-09-25T03:57:36.332581,1,1.17
cd2f01e2-d221-4f28-8f64-348c0d505f72,ee0484c6-6fb8-4a7f-b95e-74458e915c49,231a0d39-a8e1-422b-b65b-a0f3135bd0fb,MSFO00715,2025-02-27T19:31:09.466289,2,149.38
b57b7156-4d1d-45a5-aebd-482fa7c25141,3ba2815e-c54a-40e1-b46e-e4d10754f49f,414d0b20-70d3-40e4-8170-6ad21a67eeb7,MSWO00552,2025-01-13T09:49:28.197430,1,8.8
92a060d7-6c61-47ae-a05c-2c39b5600a41,baacd0fb-9a60-4caf-8759-17b2c5394999,5680090c-42d0-4fbe-ba4c-3581bcc892fa,MSBE00538,2024-09-19T23:07:46.217541,1,39.75
2c8fa078-caaa-4907-a8f2-ccf789908c48,3124298e-b84e-42bd-8e91-407d37c2d510,c9472e7a-b07f-4974-80c1-cd7190b0fcef,MSHO00669,2025-05-27T19:14:23.547565,1,28.05
66297210-7df5-4168-aa5f-9d8bb9afa06f,ef56b2e2-775f-4003-80bc-6653e0dbca63,f951e22c-8ba8-4e9f-a726-d6a75ec92691,MSBE00526,2025-07-22T14:08:25.667586,1,2.81
756bdf01-f466-47fa-be41-701946330cda,2cb42561-751e-458d-ba85-c9ceefc582f7,57f33750-9146-4abb-9008-07031903be39,MSME00653,2024-09-26T10:05:35.991167,1,54.96
171a4085-dac2-4bc1-9a5d-2fcc4d777bd6,c70f83ea-0f3f-4ca3-8c91-d5eddd4e5f9d,385f86a1-af53-4a9f-b7a6-9c0a5208e50b,MSWO00386,2024-11-21T19:51:48.471420,1,9.23
9d804210-96ee-438e-9395-29710c285b5d,19c58d87-0b13-410a-9978-c6b5ca0b52e9,59ecb7d6-c4db-4650-b87b-701e051ca646,MSHO00578,2025-03-08T12:45:39.787863,1,17.26
83e8e95a-6059-49ff-89d4-6fc28f3feff7,80fe1586-cf50-46ee-a3fd-3d654b5e85fa,413d377e-3f25-4e55-b652-7e6e535b46b4,MSME00600,2024-12-10T08:11:55.132003,1,21.04
f0c2a096-0228-40f1-91cb-b300799378e1,94d14895-3e41-4074-985e-1766281610c5,5d2c3050-479f-418f-b7fd-6832284a08ac,MSME00203,2025-04-30T09:06:32.384175,1,6.06
c9817a43-8e96-46ec-a12a-deaec7f52f38,0cb9e28e-32b8-4a39-98ee-9e58d168ae64,b297ebae-435d-4076-8828-58bb9c7f8fd4,MSWO00373,2024-09-14T00:27:12.823069,2,11.14
b352fff9-373f-4046-a17d-1141e63f7036,6131cb14-c5da-4ae9-871f-4933cf50f5ff,2ce3419d-5d2c-42c7-98a7-7cb265dc82af,MSHO00376,2024-11-02T03:26:00.716532,1,28.21
f20bfd2c-8ba0-411a-97aa-5c94666a9e7f,e93e5d26-2fc9-4210-99be-b4e100e316e3,cfac0f31-1166-4714-820e-02d76bd8281a,MSHO00607,2024-11-05T11:52:26.936819,1,17.8
1b5f19be-f96c-4411-85bb-62b9a6e0ac9b,f2d3e289-386b-4885-8598-8e2ecca94f8a,d158669f-79a3-460c-a81e-e7e9df877d72,MSHO00171,2025-01-15T06:41:17.934994,1,4.54
d62c4476-be35-420c-b0b9-51257ebd0bcc,c1004454-c686-4c81-a5a9-0abecf88f82e,39ca5f48-ef90-4028-ba7c-e967081c3116,MSWO00788,2025-03-26T14:23:58.650152,1,29.98
4f9f2539-83c6-4f87-9729-a401116b6524,0b8c1020-b699-4372-afc9-2eb9bfa0940e,1cff9db9-5e4e-4415-a81a-81bffbc9d8a9,MSME00697,2025-04-27T01:02:22.614835,1,3.84
c2bfdb36-4aa1-4f23-bda9-c92731aa45dc,dd460b36-e65a-4a8a-8c99-7c35cd8cc361,aa184e0d-c189-4dc5-a703-be8b0c5b5b96,MSME00942,2024-11-22T10:07:22.502396,1,21.45
9ee3b639-c3e6-4cb0-bf75-7ccef878d02e,28d0ff42-b76e-468d-b277-dd25bbbd0062,db8481fe-ff8d-4e99-8618-9b75e7020359,MSME00267,2024-10-12T11:36:01.735774,1,19.52
8e57b50a-14e0-4e50-beda-ce311fe30525,3079c9cd-b960-4b30-afa6-467d08f43e87,8e13b16c-505d-49bf-bade-b34d9daffec2,MSME00113,2024-12-18T21:14:25.184978,2,22.16
4dae41e0-e7e8-4fd9-917f-4eab58b612b9,be7c588b-684f-4b88-9b9c-4d1abde4a162,868e0b51-3016-4991-817a-5161f84aa52b,MSBE00694,2024-10-17T20:01:06.365191,1,29.5
43ef56ae-490f-451d-9c1f-61b9c6398672,91507fd5-b36a-4ec8-b933-a14cab066b48,a15f1e0e-3795-479a-8196-982aa67224bd,MSBE00562,2025-03-12T09:20:39.353994,1,5.23
84dd573f-4495-4f8f-a933-5d7793bd7e77,2588af22-e85d-46bc-aa89-0160caf36938,aebaa755-9fb0-4028-918f-38b5c1ea4e7f,MSWO00366,2025-02-22T15:28:28.164179,1,49.05
20a5c229-ff26-4e55-8b85-ae5f55ca7f30,6ba72760-f037-448d-a3e0-6724334b34f6,6f69e3c1-d6a7-462a-894b-123633b95ab5,MSFO00037,2024-08-31T17:14:48.348074,1,25.57
e9314d53-8ad4-4fb4-94a2-a228d78a6190,988e10a3-9fe8-4a61-b537-f41bc8db3a97,20cc1c7e-da5c-435b-8a4d-78a491a0c556,MSME00309,2025-01-11T07:46:09.441070,1,23.24
afcc9c15-8426-495a-a689-fd67df2ea993,6d5ccc1f-d71c-45bc-9f7b-0d9d605e3859,0f0b4d71-6e6d-4478-874f-2609b3313519,MSME00466,2025-06-26T23:13:02.176556,3,12.0
02500d8d-7656-4fa8-8a96-a427b285a9e0,a51c5359-9a76-4af3-98d7-7be17cc7b012,64446ed6-cb70-482e-a931-dc06bd2dac09,MSWO00183,2025-06-16T03:12:16.313001,2,20.38
7955d42b-965c-454c-8187-33362220ee3e,2afa4ece-d8b9-4eaf-9ee4-a8404131334c,a40ccd59-008a-4104-898f-224c078207b9,MSFO00969,2024-11-21T09:52:20.939472,1,12.56
aa86c816-9252-46a0-844c-c4f2f48f2119,2c1b3134-5daf-47cb-8714-6acb38f61172,e7406142-fa76-48b7-846a-b1724c6be8f9,MSME00583,2025-08-19T18:50:42.919732,1,89.71
e7e488cb-19e9-4c8d-bc44-29be0c182142,12f06925-d31c-40e1-8325-e482199b9a4f,4dcb25c6-8bbe-4584-89a5-45ec49298c72,MSHO00266,2025-06-29T09:26:44.204662,1,119.68
f39fc41f-bf1e-489f-81a0-04659da96a5b,1bea0d2a-bffa-458e-babd-09b185176735,52852642-dafa-4a22-ab17-a077bb51dbb8,MSBE00334,2025-01-07T05:31:10.659546,2,7.9
35490d75-94d4-4ffc-a172-f67bf7e5b685,b2d167a8-3de8-41fe-a0fb-c614e95ce758,7fff7ca8-ce02-4175-a8f9-2446fe7bfe0a,MSME00430,2024-12-21T19:36:07.049237,1,55.54
f18f744d-2f1d-47d2-86d1-f15406a06134,14dda38a-0206-45cb-904f-a932354d0675,08521c71-f93a-4348-9b19-54e1ec82144b,MSWO00257,2025-04-27T02:35:47.317386,1,49.94
7ee0312b-7d8f-4805-ae38-704b662ab4e0,641e204d-4e19-42b5-8ebd-a03f3703b422,e1eec01a-a7ac-4fd7-acb3-4a330b9d3cc8,MSME00058,2024-08-26T15:01:56.297565,1,37.49
7f2e07ca-deb0-40b7-8a69-28977cc04c00,2fa2906a-a688-44f9-bab6-e9a89b6b9e76,116deab1-20e4-42f5-94ef-4c0140236469,MSWO00076,2024-10-02T14:19:02.505481,1,41.6
95c33063-49f6-4112-8aba-6c0b9cca93ed,ade00883-6987-4d6e-9ab3-0ce47383885d,e1eec01a-a7ac-4fd7-acb3-4a330b9d3cc8,MSME00058,2025-08-06T01:01:03.097517,2,74.98
56a78e3c-4348-43aa-97b2-1dc13269d1a6,317ff2d2-8079-47c3-96b4-e8ac32594e94,bcd87bdd-4bc9-49c8-ba3d-412111b2ecd6,MSFO00680,2024-10-19T02:36:02.522328,1,5.71
21b38ef8-6128-443d-9399-75e9a729ba14,e5e562cd-489e-4b73-bb8d-40fd4eb4ebe2,bb5dd723-7eda-4416-9fd7-d54c1546cd1a,MSME00465,2025-01-30T00:21:08.174888,1,7.61
10ef6764-7645-486e-a706-7f8c66c1afbd,cae8d679-e4df-4bc1-a650-f7c7949a53b9,1e8ead4c-2121-4a19-9a57-b113cac99e04,MSFO00924,2025-03-13T04:35:13.491569,1,12.13
b01ca72c-4bd2-43be-b18e-1b674a28f425,069b20f5-059f-4b36-b784-a98dff7af5a3,a77f321a-d2f0-49d2-8756-9e3d2561e2ef,MSFO00019,2025-03-24T06:35:32.630024,3,33.67
8184349e-3f70-42c9-a2ab-83e6e7e702ca,d753b3b5-2ca9-4205-aa71-eecca612cd24,010e4fd8-9084-4e98-abbc-4fedf348aa56,MSHO00437,2024-10-17T15:37:16.536460,1,197.28
53a1a189-6c22-4d50-a44f-5d044d3607e0,51248c8c-6f6e-408b-97f7-9947740d1922,8e0acab3-5334-408a-bda2-3ab09dd7d121,MSME00241,2024-10-24T02:33:19.333598,1,25.6
8f027509-606b-4848-bfae-628c6bc53539,5d8deb22-0f41-4f03-a13e-beff48bd5425,f6d8748c-a12c-45a7-9947-cc27c379b8f6,MSBE00192,2024-10-09T08:48:41.632035,1,20.17
9de50e24-ea83-4605-b1f9-0d25496fd307,e9c4a297-8491-4274-80b3-b2a72df273f6,c756a5b5-b784-4f55-b356-3a7f0965dc4f,MSWO00227,2025-07-12T22:34:17.127565,1,4.99
39f163fc-0dfe-4da3-842b-a95de1c9948b,8d3a590e-3775-43d9-a64a-b061ac23f716,1a4f90e9-7e5b-423f-8fcb-d4187734b8eb,MSFO00805,2025-07-07T08:46:22.896086,1,12.03
6a2b9add-0292-4abe-bcd3-dc5f74cdedb2,0c5e2c0c-8f53-4b75-bc70-075d09aca882,7cf99ef4-20da-473f-b0d4-eae653929f89,MSBE00057,2025-01-26T14:32:40.919419,1,12.96
798f88b2-0fa8-4e80-8574-494f4f122bec,55f226bf-ae04-4e04-9047-9ec419c0bccb,43c08dc0-3bb0-4b65-9700-1abd4547449f,MSME00948,2025-04-22T23:53:06.406789,1,2.37
816f57b0-820b-4f71-acb4-78727275c6c0,40e29ddb-6594-4449-aeed-28532090e23b,d3a25136-8d3d-4726-9044-cb0f07444027,MSHO00229,2025-07-07T09:56:05.660963,1,1.78
818c01b5-35a3-4382-8667-030c5cc724c1,826e3cf5-8d53-4104-a1da-8a66a7bbc408,dbd02a85-d2dc-40e7-9bb8-d85f7f297e66,MSWO00361,2024-09-16T15:58:57.456699,2,38.5
48a1185b-d23d-48fa-a4f1-09c526341da9,a9156302-ac55-4af6-8925-f9e75820e9b8,58f4081d-eec7-45b6-a426-fe5c9d60e7bd,MSBE00285,2024-10-26T11:48:39.876514,2,12.1
17890197-d2ce-43f7-9a69-c105f8365b5d,b80140ad-aff3-4617-90c2-2d9fc7f6cb6a,4f00fb1a-6776-4582-9816-cee1ff40135c,MSBE00273,2025-03-23T02:27:20.984240,1,11.6
aefcb4a8-b3e6-466c-8897-5597b7480264,7afe2669-6b4b-4089-9325-9d9ec900316c,1934c982-b574-4b4f-a8bf-3e3ac8ce85a3,MSME00781,2025-07-16T04:27:07.554763,1,21.61
2d1dd7a3-0a36-4d48-8d5c-5c2d8311bbb6,b610fa1c-4012-424c-95c2-330138840e31,f4d52145-52c3-416c-9848-417c006b4a90,MSBE00282,2025-03-27T19:25:23.784952,2,6.12
3ac4f4ed-ca2e-4666-8df4-25199aca96dc,64c19214-0847-42c1-84b1-768b52c781c6,0cfa4083-bc10-442e-9edb-6d84c96fd6e2,MSFO00764,2024-12-28T01:03:16.657706,1,8.44
9ab79328-2512-4e2d-8a60-179c99664b18,af2b2c21-137f-4126-9b70-da3a2e734f03,04c7f399-55d6-435e-bfdf-9a4a8e77f2a0,MSFO00213,2025-04-13T07:10:26.934496,1,1.82
27c9eb8c-829c-4cdf-b691-975f5d61f17d,422a54b2-5aa1-40a3-aff5-b3109721390d,db148f92-d24e-4426-84af-730b504b66b7,MSWO00318,2025-03-10T12:01:21.431745,1,79.3
ad4e423a-8d0c-4c4a-8589-b719167a798b,909b7249-605b-44a2-85ac-80a7d6ec4a93,de74ba93-8d37-4a17-8e75-6105c95d9926,MSME00138,2025-05-19T04:56:47.166253,2,3.4
d63ed607-da2b-4ed8-94c5-00ee678a444f,618e61c0-cb03-4416-8faf-a247e63c347f,c8ba3be5-0156-421f-b5d2-bb8b75b69c3a,MSWO00485,2024-10-16T07:35:03.591703,1,23.99
a11b22e5-7869-41ed-bafd-cecc85644366,39013916-ca48-4adb-9eed-9718ae6b5516,0e0e9157-56d2-42ee-802a-a41192d9b84b,MSFO00022,2024-12-11T19:44:08.157144,1,6.62
002a988a-b82b-4c23-88f4-4937f8d9b211,2069f3ba-e5eb-4086-b33a-caba689a5b4b,ed21fcad-87c2-4ecd-85d1-47bc359fa108,MSHO00232,2025-05-31T11:52:04.368787,1,2.48
53c1c85e-3578-4b10-8d65-2b3a414a99ae,eeb13128-86f3-4191-8327-97e2ee9978c9,cf7c6dca-9a53-45ad-a566-a327821b5bbf,MSME00470,2025-01-11T08:43:17.653514,1,33.03
d5d04bcf-ee5f-4acd-b5ff-e1748cd972b8,aa85d785-5c4e-43bc-aef1-68f37e6068b3,0b282018-3fe8-401f-afb2-8ce925cc7eb2,MSBE00245,2025-03-17T15:08:36.093569,1,19.5
3993492d-8df9-4ee7-b684-789c75da0c0b,50c97087-685a-437f-9a34-c16728b45096,ea3cfa4f-9c7a-463d-a26e-fbf38a91d98f,MSWO00402,2025-02-20T15:16:11.950454,1,13.02
e84609c0-ddaa-4470-a334-09265e9ff95a,9e856837-0cd2-43ce-bd75-03b99ceb72e3,a47db167-8bcd-4940-a727-6e12ebf5f094,MSFO00020,2025-02-24T21:50:57.969773,1,18.44
24fe3202-04c0-4938-9a68-ffd0dde0fb5f,71fa878a-409f-42a6-b8d2-1d9881a046a0,3fa29120-4094-4151-9aa5-bfeb60ba2660,MSHO00458,2024-10-20T17:46:47.405203,1,5.48
b8930bc9-e226-4858-ad2d-fcb2d1a33e6e,37757016-a514-4784-8e24-e214b50f1058,d7d03543-e7ac-45ef-9baa-587e87734e33,MSBE00608,2025-02-27T10:54:26.120143,1,9.83
02d19b20-7818-41f3-9057-756293cd6f0b,6168516f-3798-4af7-8593-c6df3667d88e,fb039dab-2d8c-487f-87ba-a09523392881,MSWO00882,2025-06-22T20:18:36.029925,2,2.74
33f22a28-ec99-40f7-a340-7ee1927d4f9d,7d56bb85-6482-4508-942f-5f5da05d615c,6bff7dea-142d-49c0-9b91-45081acf22c7,MSFO00275,2025-07-11T11:44:28.933391,1,5.41
1724d966-dfb1-471e-94ea-0f067a208c52,438e3e6b-e417-4852-b74a-eb7d11ba9453,53779cca-09cf-4308-838c-23f345e9727e,MSWO00605,2025-03-16T19:44:43.057270,1,28.08
eef74de2-6f67-45ad-8d9a-69096413157c,6fba983c-65db-4ee9-af3a-ad8f49428e3e,475af0aa-935a-4df2-880e-c972c6b979c2,MSHO00066,2025-02-28T07:27:00.959991,2,29.86
e779a8f7-acc1-474e-a08b-6fa6dcd8b8f6,a3339222-acab-4411-a4ef-e80242d2472c,cb853220-ff09-44fd-aaf6-cb8c46ee2557,MSWO00155,2025-02-23T06:23:07.599772,1,29.52
fa23336c-468c-46a2-b5fe-9a3cbd551dba,c1242b08-340d-4fa9-95b7-bc89076a334c,939f85a7-53f5-4559-8883-06f8cc7ee4dc,MSFO00292,2025-04-19T11:30:07.085609,1,7.08
a05f3f4d-fa50-4a58-8a1a-c0eff4c70f8a,afa952c8-0edc-4a92-9413-9ef3c1dbac8c,05c89cf5-674d-4b57-8b2e-08f8e5b983eb,MSHO00587,2025-07-14T23:47:11.740898,1,14.68
2bceaae1-ab85-4024-bccf-9d5494378457,6837dd42-4464-40a8-9cad-0e012ac59432,1cff9db9-5e4e-4415-a81a-81bffbc9d8a9,MSME00697,2024-12-19T08:06:16.722119,1,3.84
688607ac-2750-44e0-ba21-7a3014cadc71,b2b62eb4-0a65-420d-a06d-2da3850352d5,27b2b8c6-ad28-4d83-91d8-ac15374021c6,MSME00759,2025-04-12T08:31:13.412977,1,7.72
d3193e87-11df-4cf3-b5f7-e769f57c226c,b0931582-4c7e-4e85-b6e0-4fac6404b5b3,4407587a-e9eb-401b-9ee4-64c72357876d,MSHO00892,2024-10-08T16:46:14.771841,1,14.48
2c7e7cc5-7db5-402d-ad9e-fbd73b0b69db,25aa672f-bea5-484b-9189-a0d43b082b78,7656caeb-7ad9-4f1e-9710-878ed54d5d2a,MSBE00033,2025-06-22T00:56:44.176015,1,11.53
86d55da1-9504-48a8-aa89-c9adf32f3d39,e2e54c34-fe34-41f2-9511-4587a8a4737f,852d7c07-3808-4543-ad9f-caeeca87ddd1,MSWO00838,2024-10-20T02:25:41.568899,1,34.15
f44ad77d-d223-4d42-bf77-444585c02b1a,381c74ac-0c97-4e41-8465-835bfd2449a7,613785d8-6375-4b33-9472-ae66f5c6cfca,MSME00652,2024-11-01T04:35:53.576357,1,55.61
e306cd53-3fb1-4f9b-803d-4d8aea5f6df1,abf315f1-1e96-4714-9da0-6ba4a23ab36e,61940ed2-6246-474e-ae4b-9776d662ec94,MSFO00185,2025-04-05T10:01:36.115519,1,8.1
d51bd8f9-c79f-4123-8681-8050ab5e242c,033ddbda-678c-4177-b0a6-01eb65eed225,c87d6b2b-027f-4bf3-b031-cdffdb1ebbd4,MSME00873,2024-10-19T13:28:02.290390,1,7.06
50773a0a-bc5c-4b1a-a368-0ad627d30f5d,bb79f538-d8c7-419e-958a-8cbfccabe36c,30123727-cb83-4b23-bf64-c7ef06a1bb6a,MSWO00863,2024-12-07T00:17:58.718308,1,61.6
b78480c3-d44a-411b-8f73-884ceed6d211,f4ca882c-85ea-4124-8295-a0d3dd3a1cc8,5acd018d-676d-4589-9fef-21b680f8da96,MSHO00198,2025-06-06T03:07:34.373698,1,4.07
1f958f76-a7e4-4d86-932f-48b23c990522,86876412-229e-4123-8ef1-d0346d06ee27,6cf08a6d-51d6-495f-b366-8785a9512b69,MSWO00421,2024-12-20T02:53:09.417402,1,13.23
71558a93-f0e5-41fc-aed7-c48950ffdda0,8181f51f-114d-4e46-a923-1fd4e13a2810,08b44080-dc8d-479f-9a75-ba573f7f5c02,MSHO00365,2025-04-23T11:11:52.477580,1,6.94
6200a228-d17d-43bb-aa23-7761c179062b,35f02800-f05c-44f4-a15c-878683597411,48361c7a-d4a0-4776-8b3f-05a2bff77ecf,MSHO00053,2025-07-09T11:22:26.936620,1,38.7
e5f78da4-a9d7-4256-8b43-56d4b0fd1dbb,e3310ea9-2c53-4714-92d2-01066f1fbb4f,359d1719-7cce-4dbd-9b3d-d91e1b2818a5,MSBE00007,2025-01-03T05:29:02.881285,1,28.66
42f7f145-ae2a-41e4-9174-f4f91cb032bc,dd0031df-19f7-4933-8bc4-b3587553e974,7754e460-da91-4d74-a791-93954e495cf1,MSME00120,2025-04-24T09:39:15.750426,1,7.0
71f5e92f-0a29-4d6d-abdc-3f0e5364d799,bbb55287-ae95-40ca-9130-94a98ae66b44,54f7d9e4-e46d-4020-9c01-2e1eb40307cc,MSBE00755,2025-05-30T03:18:01.128765,1,13.41
85000149-fd0d-4140-871a-daeac5f6f22f,df5d07bc-2d86-4792-869f-94b8bcbe4c57,86cb0b67-ec26-49e1-823f-eac6ac2390d5,MSWO00999,2025-05-06T06:21:34.376628,2,15.15
e108ef50-4e68-4b70-8e7c-1133dc306dc1,72a0bf3f-8221-4077-ab87-fbf5ad9e4642,e26c749e-63c8-40d9-82d7-89f474d46bc6,MSME00749,2025-03-19T20:12:12.933309,1,14.98
c8529f9f-bc5c-4ceb-b71e-99a7578ab441,a0bdc89f-51d7-4a59-bd4a-b4725c9e86f9,47682a06-2f7d-4bce-b3e3-fc7823e4d64b,MSBE00469,2024-11-20T07:34:13.633619,1,16.64
afb1a268-d7c0-4404-92fb-b10ed066a437,b47fbb9d-667e-4149-8bff-bbd5dff2faca,8bb8c3e9-f56b-45cd-b814-7bd95800cdea,MSWO00546,2024-09-07T11:26:27.023246,1,4.3
dd866a1f-86ec-4db4-ba4d-c99eb8d86bfc,eb154645-6f72-4a28-96cc-7b4e4d4d65bd,3cc14be0-bc10-44f5-bf48-47280fec133a,MSBE00998,2025-04-13T19:52:43.598882,1,4.97
9bfeea40-2afd-41cd-ac59-ace07319e311,24f2cbb1-1381-4576-9c21-ef735adb6e85,f2277360-7f0f-4e1f-b828-def256ad3860,MSBE00440,2025-01-09T04:15:03.372140,2,67.44
2d727e05-09f1-49dc-bc11-f3254654a581,aee27c1b-515e-4697-9f51-70cb9a6c06d3,b25139d2-d866-4e86-95ae-1354dfb56d23,MSBE00875,2024-11-08T14:22:11.189806,1,10.77
d88a9486-cd41-4727-a4bd-fc1855142a2b,964225ee-5034-4632-8025-945b667eab57,176498b3-88d6-493a-88de-899ae04dd6cd,MSHO00502,2024-10-13T18:03:08.935539,1,5.03
a2e39984-30b4-4723-814e-def2e1bcbcb2,c21342fb-e9e8-4d9e-9625-333b2f138c63,a67bce0b-d854-42e7-a1fa-d9c15ef01868,MSME00799,2025-04-10T00:06:33.017692,1,17.84
b93ac8ff-b73c-41ed-b49f-f0f5629d7dfb,7cab0bd8-bc69-4605-ad83-2cc09ab2684e,9daa44dd-1f03-4b18-a5de-67e8437fcb95,MSME00514,2025-01-26T10:08:02.108090,1,20.66
7b5ae0d1-37cd-42e3-b748-622089536376,0ddcdab1-b387-4549-a46a-e6609cca5a7b,66f16535-f89a-457f-a133-9115692c7b12,MSME00170,2025-05-12T17:48:02.564568,1,15.89
ad65b1ee-6499-4fd3-a7fb-fbb9a49b5d03,9dacda10-f517-4445-9415-e45478a533f1,54f7d9e4-e46d-4020-9c01-2e1eb40307cc,MSBE00755,2025-08-05T19:33:12.322796,1,10.73
68be6433-e4b7-4e2a-845e-b6737902918e,3177ceda-a6e9-42fa-8f69-9d909c55aff6,4196b2ec-5931-490d-b5fe-8cbb040b7c91,MSHO00686,2025-01-18T13:36:41.169065,1,63.16
2c2f070a-1356-4bb3-9a81-dd77b86693d9,69b74c4b-e7b4-4c7c-ab63-eda927a3ebda,0f64edf9-b9f8-4451-963b-1eb139ca167f,MSME00368,2025-05-02T07:39:10.981345,1,19.87
07c72724-e86f-4f34-a742-5c5bc4ebe12c,ae40bb61-bf90-4173-b19c-a8e5ee1595fc,84b76e43-8d66-40d5-9414-5eb10a3f77f8,MSFO00420,2025-05-15T18:23:12.776697,1,30.59
23addbc5-c02d-46af-9e5d-472dde9b18ea,023300aa-8738-4a96-a73f-988b40f069df,b55aab38-d45e-4b14-9c56-5b0ff44f37ca,MSME00676,2025-07-03T00:27:26.076473,1,86.17
bac0ff45-28fe-46a9-b4e2-6863fd52657b,b0fc005d-e3d8-4e9a-865f-acd0715610d1,1c85e699-8ca3-4495-9f09-1e8d3d5805d6,MSWO00383,2024-09-29T17:59:43.096353,1,16.59
390198b0-ac4c-4b96-9e96-2d2c5ae7e60f,ff208597-924e-4a4e-9f14-b3c79c079078,091bfebb-a0ca-4cd0-a479-872d3e928e47,MSHO00852,2024-09-01T04:01:22.381205,1,2.99
7776f60d-885a-43a5-b281-6e03fc9348c1,3f3724b9-5f4f-41ce-998f-9d5bbc1605a6,b8272bf0-d739-4a11-a37b-3438613bbcbe,MSHO00564,2025-07-20T10:36:41.569608,1,5.1
7ab34df5-847e-4a30-aeb4-9f1c48743ca4,d921083e-794c-4f86-a592-f2a8c4563000,1f96cd44-fd45-4a94-a074-8df17d7cdc6c,MSWO00619,2024-09-06T14:52:13.688482,1,15.79
9853e47f-e970-48c6-a00f-1bc4bb06d11f,10a81ce3-75e1-40bd-ab6f-90c6968be9a5,768c2f98-8880-4e52-907b-829e86fc3f97,MSWO00617,2024-09-02T22:30:39.043662,1,2.6
0a9b63b4-67cb-47ef-b187-9239f139d840,bbdf0fb6-6874-498d-8fff-792c5b883542,b9208eef-19fc-4b1c-993f-4d886e088b2b,MSBE00988,2025-04-22T10:08:14.604545,1,31.58
d407e21a-c3b8-4466-8437-d6382907b299,a78cad9d-3bc0-4c65-8a78-fb9e5ab1ae3e,db8481fe-ff8d-4e99-8618-9b75e7020359,MSME00267,2025-03-28T04:52:15.082600,1,19.52
150f77d0-66b0-4b58-9a83-6e3b5212132b,0f2fd937-7a7c-4d4e-b7b8-654e9afa4576,4cf64a22-287f-4069-862f-49ecba5234ba,MSME00445,2025-02-10T17:05:24.472016,1,3.04
405f960f-1893-46fb-bce6-f1a1fcc870de,0e823a31-41f0-450a-8d3c-c132c1b518e1,4b405154-c7ef-4c57-acbe-522a45711bf2,MSWO00622,2024-10-27T05:47:09.485317,1,16.38
b69dbd13-4c63-4c88-914e-7cde42ec1ac0,56ed1b94-84e2-4e87-8d71-5637621e0ce2,f40fa92d-c026-4226-8b32-65a2febdb32d,MSBE00457,2025-07-07T04:56:18.560533,1,9.3
a9eade4e-dcd9-4e53-8676-7fc4d245fd89,fe8b9179-ccca-4d0b-b3c4-a3bb8316ce54,2950385f-f1bd-436c-89cd-e34af225c898,MSFO00132,2024-08-28T13:02:03.603192,1,6.93
e5c41474-7b01-464b-8686-f3356d79ed5c,7561dd23-cfdf-4490-9c1e-624a28af10a4,b55aab38-d45e-4b14-9c56-5b0ff44f37ca,MSME00676,2024-12-16T21:29:29.914017,1,86.17
4e0bc9cd-bd74-4248-9bfc-1e502a7eac79,ceaf373a-2190-423f-b492-1f14788e9d4c,78039307-f3a3-48b5-b5a1-4c86663e99d2,MSBE00197,2024-11-17T11:34:51.471751,1,11.37
aba41241-7105-44f4-85f8-34ca1006bb3f,1fefecc7-cf76-4cef-8cdf-90f538d20d08,3900ba0e-2758-45ed-89e2-87b7929ec320,MSHO00509,2025-01-29T03:05:15.981436,1,15.49
bff792d3-ce14-41e7-ab37-9382aef03ad8,26aca807-a701-494c-9430-723d057d89a9,4ab6d73f-626a-4fdf-bc17-b17197b433cd,MSFO00953,2025-04-04T18:07:45.784881,1,23.84
7bd05588-91de-48b5-84d9-612e8c68d9f1,6c8fb2cb-f4c3-4627-bf1e-0bf773f68cd0,bb5dd723-7eda-4416-9fd7-d54c1546cd1a,MSME00465,2024-10-10T19:03:45.378088,1,12.68
0cbdd58a-8bce-4165-928f-eb242b526dc3,979c1806-6da4-4a84-8cdd-769bf708a648,e26a96bc-c1f6-4d85-a59f-ad2930626529,MSBE00233,2024-12-01T06:05:08.265301,1,4.81
48956766-ba88-4b1d-b0a9-94e6ab5bed49,d57f8e71-736e-4f68-9ff6-a8b67924373f,afb69bd0-51b2-48ab-8540-1937582ae107,MSBE00416,2024-09-06T18:09:18.307809,1,5.1
0a69cd02-4803-4c40-92ae-d607f51bb92a,532c706d-12e2-4f14-b3d6-2d631e06ad60,385f86a1-af53-4a9f-b7a6-9c0a5208e50b,MSWO00386,2024-10-08T20:20:14.928722,1,9.23
30fb06ad-a228-44fd-9918-787f5fc2fd52,3b3faf3b-60ef-43cd-b738-1caf0b12e0d9,e26c749e-63c8-40d9-82d7-89f474d46bc6,MSME00749,2025-08-03T16:25:06.524643,1,14.98
b88867da-b0fb-4f61-84cd-544937ee5a03,d0249198-8a5f-4eef-9c9c-7d4be1aa7d90,1adf24a7-d185-4726-b200-b14e9a3809b7,MSME00887,2024-09-08T07:23:24.278003,1,18.81
03a23870-2e50-41ad-9e21-22978df39156,d5e7d0f0-b283-4d49-82f7-73117e8c7cb2,afb69bd0-51b2-48ab-8540-1937582ae107,MSBE00416,2024-09-11T20:01:19.293031,1,5.1
3905ba70-3f91-429f-a2c6-650b170a28a2,44683833-7f9c-4d14-8a6c-8ea5e62293f1,6bff7dea-142d-49c0-9b91-45081acf22c7,MSFO00275,2024-12-25T01:31:43.497421,1,6.76
1747a408-7213-4261-8a88-b92a7216b1f8,2492f15f-23f8-4110-a9f4-bb303b3a2b11,fc3b5de9-f127-45ee-8130-f304d6e4e7af,MSME00500,2025-01-04T14:32:26.668324,1,14.32
1c5a1a5d-d373-4a4a-9715-6971ca755a28,be8e6ee7-3549-47ae-92f3-0408b08f7257,6006f31f-fde6-40de-b2a9-d5884afef65a,MSBE00951,2024-09-18T12:11:04.885091,1,3.97
e8bfbbc6-f6f2-440c-aa45-38e095584e71,3e8bbd5f-b6c5-4050-a99f-1f073539b343,c54fbb5a-77ee-4fbb-990c-3ec05d9d9189,MSHO00305,2024-12-21T22:19:06.994062,1,51.7
90f22b67-87eb-4ce7-8341-3f20cb3fffeb,36e5defc-7fd7-406e-98c2-227ea75e7dda,43204165-4982-481d-bcf4-4e6734f9b624,MSWO00252,2025-02-28T19:29:08.178907,1,6.04
0383b068-1a35-4a35-beff-536380e14d7a,b7d4600a-89fd-460f-ab42-fe2ffef2d839,461be93f-15e2-4dd3-8ddc-62918e31c7e2,MSFO00006,2025-03-05T05:33:36.452700,1,1.16
e31f0673-8b55-4047-aea3-5d57e1c4f4f6,e757a7df-ce72-4cb4-83f8-c2c1cac0c425,efbd669b-4d6f-4156-9b25-e5098d3a0b63,MSFO00358,2025-08-18T18:02:04.830286,1,2.97
c03e28e4-ddfa-4b52-92b7-ab7638646568,d82a7fe5-c285-45c8-997a-29e0fc8ecb87,44f69dbd-5dda-416e-8df7-2439b06a4b2c,MSFO00530,2025-04-07T23:32:36.520541,1,16.41
285b046f-ff7e-465d-aa63-a6acf2a2ea95,48b1e879-f5ca-4b5e-9da9-b2a907eece13,475af0aa-935a-4df2-880e-c972c6b979c2,MSHO00066,2025-05-31T15:47:45.041252,3,44.79
7c633380-51d8-49f7-b2f3-c4e94459c450,71c0842b-4fa1-470b-8b5d-6a1eb0d9931d,13d5e078-59a1-4211-b500-38fc7f87a25f,MSFO00162,2025-02-20T00:21:48.279339,1,1.44
cfbeb7b6-8bab-42b0-8eb1-d28826786e01,6ffa8117-108f-42d8-96a0-39e5156834ec,40b0a939-107b-4138-8bac-18d3886c9575,MSHO00640,2025-08-15T05:53:34.423761,2,12.49
ab2f1216-4208-4e77-8af5-34054532ddca,3da004f7-7baa-492a-af1f-22b01ee54a0f,4e4e70ea-0125-4519-9414-543e38fc4cc1,MSWO00908,2025-05-06T20:58:12.369579,1,14.13
99d09bc6-a249-4dff-aa7b-4819127e134a,38b25884-6ad8-43db-93b2-5e2828451ead,3f82a7a1-10c0-4cb9-b504-c04cc6c2ed1e,MSWO00061,2025-02-14T16:11:30.416596,1,4.02
aeba4e87-fd61-4992-8251-e210b49c384a,78985389-e092-461d-b034-413ae022949a,645cf99d-2ec3-445c-90fc-1659a08159d2,MSBE00584,2024-10-04T17:17:42.879939,1,8.58
643a2b2b-10f8-4ba2-8424-ccc3ef2caafa,b899943a-a864-445b-a3a1-fb84a350eedb,42a86d29-b1fe-400a-ac3d-574d07ab211c,MSBE00433,2025-02-14T08:34:31.294480,1,31.47
e38a4476-7435-4679-af62-3f06df5ddec1,ebdde4b4-3838-4f57-91c4-ad7ca31827d4,dc548760-257e-46e7-9152-f7a83c2165ed,MSFO00688,2025-01-31T00:58:09.348735,1,11.16
fdb63714-d13c-4de4-a28f-8e17f9a1faac,73b80b0e-a04c-4be2-b412-c16412611d2b,d5a07c26-f4c4-4704-b576-a6f089b611bd,MSBE00909,2025-04-17T01:06:24.283345,1,12.75
08c2622c-6b97-4670-9236-eb469421d5ac,052910b3-a2f2-414c-8a37-230d409e6dc8,c3735780-6936-4679-824d-ed84af6bacc6,MSHO00955,2025-08-08T16:37:36.932964,1,3.27
a091fe1e-106a-420f-b10b-f38727f06e85,db225d0d-2e56-4f8e-861d-c971c2426cc5,8ae19dd1-305a-4bf4-99ff-1197799336c4,MSFO00002,2024-11-20T19:21:32.027188,1,15.66
0ccc39c1-dc78-4f62-a5dd-811712eca9d3,9448797f-3bfd-469d-9ddc-49ea03946bbc,ed5644fc-aaaa-4b1e-9922-14ed799fb581,MSME00435,2025-04-09T03:30:12.158468,1,11.32
ba048430-4dc5-443e-a23e-77cca0cebd17,69aefe07-afe4-4b2a-96a9-6b2386de502e,d2e11e92-6343-4929-a39b-9de2dae50f73,MSME00914,2024-09-01T11:20:43.705579,1,13.96
8b8620d9-b3d0-4d7a-86fb-e507a8ec2465,0440e9b6-f84f-40fe-99c8-bfd4538c4563,e9380eca-95bf-4747-abaa-7854c5b156c7,MSBE00967,2024-10-05T15:14:57.381358,1,2.72
a00ded2f-2b95-4897-8f5f-47ac266d9027,3647f596-eb6f-49ca-8690-17c4fe54feba,0ef955d4-e0aa-4fca-91fb-135fc1332f73,MSHO00153,2025-05-31T17:54:39.982117,1,17.49
58654167-0901-400a-a07f-a9bae099fd97,decd40a8-c0a8-45bf-b696-954fd1163514,aa1536c1-2879-4be8-8e10-c30e749d0eb4,MSHO00678,2025-05-18T23:27:44.565261,2,35.06
fedb80ca-5f7b-454f-be09-a2326da53af0,3a3586fd-c14a-42f4-b661-8f4bdfebddde,461be93f-15e2-4dd3-8ddc-62918e31c7e2,MSFO00006,2024-11-26T07:25:59.485774,1,1.16
4f48120c-039b-4207-92eb-493b4c07e97d,8497df2b-91eb-4635-b8ee-08718e7233f8,da389a6a-65f4-4915-baec-b84ec40515f2,MSHO00937,2024-12-27T07:09:08.561323,1,39.86
af1955b7-d1ca-43f4-bfe6-c4ea6db1280a,2b1c5e4e-9607-4169-a102-b03d777306fd,8cb2ebf8-ae60-4a99-917c-a8d17f08dba5,MSBE00606,2025-06-30T06:53:09.480666,1,102.23
76dbb5ad-39df-4a21-bb55-af2453cd7d30,a6b0c7dc-4e9a-4df3-ad07-57d8867f6bcf,62a26438-2ac5-4d4d-908a-7f53cc7acdb1,MSBE00351,2025-03-31T06:50:41.371391,1,5.58
09475bdb-44e8-4c7b-9eea-ad917de9157e,0e883f48-19de-4289-8988-904b0a1e48d6,b9fcbeff-24df-469b-b128-ae3f82a95353,MSWO00004,2024-12-30T19:27:34.581554,1,7.98
a65657d1-b9f8-4cfd-b327-8b804ca70046,c9183178-42f4-4633-9287-81acb5cf91a6,05c89cf5-674d-4b57-8b2e-08f8e5b983eb,MSHO00587,2025-08-25T14:53:16.270287,1,14.68
90c1281a-16f4-449c-85de-ff8f7c01412e,7ab74d85-c107-40dc-a794-481147872168,8dafa95a-cdbe-47e6-a398-dca500533a7a,MSWO00675,2025-01-29T02:06:36.205924,3,23.18
6f83e4bc-a7a8-4a53-a253-84bf9620cca6,8b3a6dc7-1664-47ed-9728-55e94ec97832,edb3d2a1-fe9c-4a2d-b590-a354a5f6ad29,MSFO00425,2024-09-12T19:54:13.477005,1,26.9
182a52ea-4cc6-4849-8624-8f8ab6cc9df0,4d426f05-4b20-4da1-bf0a-cefe2c09d39c,690e878c-f6b5-4cb9-9d41-1c5e8dcd26bf,MSFO00525,2025-02-06T12:38:40.048437,1,52.75
dbb85537-a03f-4217-87ef-3992a055d7c3,79d3cd70-3b6f-4c85-a9c2-749f43448db7,dc548760-257e-46e7-9152-f7a83c2165ed,MSFO00688,2025-05-19T04:26:51.860768,2,31.88
adc5427d-a59e-45ac-8712-2ac46feda5e3,b48d6375-af1a-4bb1-9d78-273a1cf62fce,23e6d561-abe9-4d81-99cd-cd1a6a8a4ff6,MSFO00239,2025-05-31T16:45:24.144712,1,6.6
88a9586f-8d96-43e7-bd56-43cdabfef01c,3d5dcddc-6920-4113-9216-94af10f0f816,089bff3d-a21a-4cbc-844d-c66e575a4286,MSWO00341,2025-07-22T00:13:55.845122,1,38.48
f38195e9-ec3c-45f7-aa2d-3e78283eda12,e1a60c54-450a-4dc1-a21c-645bf8691ef4,8f073609-0264-4ccf-a3ea-c58489014e77,MSBE00119,2025-07-01T14:16:57.173684,1,8.61
51fa29bf-31c9-4558-88d8-098806fe1d4a,4c468436-8109-441f-94bc-cdd9c280a3d5,768c2f98-8880-4e52-907b-829e86fc3f97,MSWO00617,2025-07-26T00:22:53.665865,1,2.6
c30a12ef-1191-4361-8d4e-5bfc3131a12d,3b70539c-da32-48c3-a38a-834ee69dc867,69febeea-d119-472c-812a-e851f9af815f,MSME00845,2025-09-06T12:58:54.270765,1,23.05
0af50ce9-f978-4f03-b6c8-5aede8cbe09b,d1c518bc-852b-4739-bef6-754aefac5033,f75a4ded-af24-4da9-95a6-64eb69a7f418,MSFO00312,2025-08-07T03:58:24.734716,1,9.11
8a99c270-a7d6-47ea-8cb2-fe85777d58b1,46c9b839-d95c-4f05-b2f7-0cafd24f57d8,bb0bdcfa-8017-4acd-a5b1-1959dc738fe6,MSWO00434,2025-05-08T07:49:18.141003,1,7.34
088fec7c-eced-4749-98bb-e3a3d33e73e0,a876d4af-ddeb-4bd2-875a-0a5ce95cbc1e,722abc7e-675c-4360-87e5-6247d7381e9e,MSME00031,2025-06-20T16:20:42.102858,1,48.63
b1cdc94d-96df-4c2e-8e8c-b086f79b19c5,9e3934b6-dd15-4760-a735-6f4e92530b70,23abcd50-f0a4-49e2-9680-96a4ceb3adff,MSWO00582,2025-01-16T02:46:57.870509,1,12.07
1b03e1c2-3f06-4f15-b74f-c99d18f065e9,532fe44f-7e2e-4942-8df0-8323cbe36c9c,9d42ae6e-37c3-44af-8a00-6f752706dff7,MSWO00995,2024-11-30T09:54:52.055841,2,10.86
f5981c20-c44b-44d4-9930-b8cfd07e79cb,fa4df8f3-7813-43c9-bd0a-b4b46692959d,73f4b6f7-ad12-4ca8-b6b7-d7200539c698,MSME00206,2025-08-06T15:03:49.840171,1,26.21
f8c58c8a-31af-4b43-b103-7a1f22b071a6,f69c373b-269f-460e-ab79-5b15087451e9,6f69e3c1-d6a7-462a-894b-123633b95ab5,MSFO00037,2024-10-29T07:51:07.983497,1,23.01
b0baf9f9-dc73-4e15-a64a-d68b94d81b92,e3091759-021f-4b7d-889e-2b7d9bff09b3,db148f92-d24e-4426-84af-730b504b66b7,MSWO00318,2024-10-13T06:18:40.534511,1,79.3
40bf2016-be0c-4356-9e59-a364dcdd5637,9c2c6ce8-dfaf-4a5d-accc-fad44ab4a7ea,6d1dd504-dbde-4f2e-9186-4d27f0b74119,MSME00928,2024-10-30T06:25:42.729675,1,3.76
a2fabc04-bbca-452f-8106-bb56bca427a1,f2b35d3f-57e8-45db-a91d-ad411f724ab5,c68fc93e-5104-4311-9b2c-85e65d10bace,MSFO00900,2024-11-10T12:23:43.749573,1,19.77
97ecc912-4edf-4b08-91ca-d54d4dcb5ee0,8dc80736-773c-4ace-8040-5381526a0783,2abfb2a4-f9cd-4a47-974d-f64ce64f7c25,MSFO00041,2024-10-21T23:33:48.566648,1,9.68
1b993153-178c-4fdb-8a66-b61168a792f7,4a9ccdd2-6ae1-404d-acd1-38dfbc194f0d,06b41a88-473e-44fd-89cb-b611f4c49b59,MSWO00137,2025-01-22T11:07:28.321216,2,21.68
3b736baf-cf12-47b5-ae46-da4d76bd0bff,6a081f59-bec8-4bd3-94c2-9f787a673a11,b7073424-47dd-4bb3-a19e-3d8728a1caef,MSHO00977,2024-10-30T00:29:52.211039,1,6.2
67882f1d-ee65-4bce-b4ba-b7fb8fe50e1a,08c5bf0f-00a6-4039-b035-d062e3aaff60,f6d8748c-a12c-45a7-9947-cc27c379b8f6,MSBE00192,2025-05-01T15:11:57.829875,1,20.17
56a11ae7-d94d-4f49-9230-82a44117ae31,1a5de237-94e0-41e6-9a90-a0dc7e605e55,8369a25f-f282-4f34-acec-0d5eb9a529d6,MSME00071,2025-06-01T16:00:04.105155,1,4.48
fc1d7bea-f5bd-4f07-af8b-7ecc1f5f7ed1,100f4209-555c-40fd-a6fc-a06b0c7dced9,c4482764-f6d6-41a0-930d-4c0240ffd4bc,MSBE00633,2024-12-03T14:41:59.352738,1,1.85
6e955c9e-760e-4918-bdd3-fd01d2a00ec6,4d034f9a-3407-4532-b908-b8a6507dcb5a,3a8fed19-7559-4364-bfa5-d12a344d1f4a,MSME00096,2025-04-24T10:48:05.697060,2,15.94
7c681539-41ce-4514-ac90-ce913f0b839f,9d687f1f-82a5-48b7-ac95-98d2b0f44bf1,0946b73f-eb8f-4ec3-854e-5cb4b2f7908a,MSME00115,2024-09-28T20:58:36.014100,1,13.7
8bd3f45b-c7e3-4d31-95b5-96b2789fd282,6fe94590-2627-4ffb-ab71-1a0744eb4670,25bf6a66-6017-41a3-a563-cddd97d291d1,MSBE00722,2025-05-06T04:06:27.192405,2,61.5
6d76a3db-34fd-42f3-b514-5e8c291724d9,f69cf598-3026-4d42-a67a-9d701c983f8c,01f6fe8a-68ce-45f9-ae1b-3dbe0288de0f,MSBE00297,2025-01-29T08:49:32.471730,1,32.45
03c435df-2242-4678-8c48-d10b6e6468be,54bcc276-4cd5-47bd-910a-9190fc904472,48a22dba-9326-4c95-ae23-e64e2c231eb7,MSWO00030,2025-02-01T20:26:14.371472,1,16.87
de53fe8b-53db-4c5c-adbb-d6b1e0c476a6,b24bbe05-3080-47ed-9022-9cb1e4281ca5,c012e98c-4dd8-4f58-824e-366cb7931526,MSHO00543,2025-01-23T21:29:58.177884,1,36.76
d9c51eeb-8477-4240-8d84-25ff30bb86a7,0b63cb2d-1543-4f38-8844-f6e0a1e01601,549ca55b-6ba9-476f-8b37-edeee764a841,MSWO00011,2024-09-23T20:27:52.072225,1,12.11
b21dc4ea-ee1e-4772-bd1b-28b4355da726,e66a2b89-40a9-4a36-ab7d-1b831897e9e1,5e950902-4570-40f3-ab2e-f43c7d6130b4,MSBE00260,2024-11-30T08:34:43.334014,1,26.6
93d83016-658a-4abb-ae72-8cdce07ae3c3,679baa5b-04fe-4225-b92c-616efd708b51,4f15d198-ce50-4c44-8758-9a8002c1ef26,MSFO00761,2024-10-27T15:55:03.165357,1,12.26
2bf903b1-cd92-47af-924a-e096bd9583c3,ae58376a-5369-4258-99e5-f2b6ea743ef7,e624a51d-3a06-4445-992f-ea5aabcf1a73,MSHO00407,2025-08-09T15:37:03.685951,1,16.3
bbaba116-c2bf-4e44-a954-eb304b8c4741,8e2dd434-5452-4fe1-8fea-482da09860f2,d97541d7-4657-4a77-8f36-4b3502a28555,MSHO00624,2025-07-14T01:49:34.532985,1,10.09
3aee2c1c-1f20-4b45-b788-fd317364fa67,e4547ad8-89ac-465c-b1e1-9982d5c4e6fd,3f41d4d5-63a0-42b2-afb3-75f0de5c3601,MSWO00976,2025-07-02T07:17:58.276109,1,22.98
3269dc59-acc6-4dbe-90a6-2cd1c2a4a1e5,307bca7a-0bf4-43ff-9e6c-16a0282f5ed0,c7823efd-7f20-418c-94ce-68656b2b0793,MSFO00396,2025-02-11T11:13:53.892303,1,4.03
9ad74e8e-6511-40df-a0a3-3735a5eac546,63d50e57-3d32-4d9a-8866-55a4f4534bba,09239ce1-0b0e-43eb-a697-0da0d64b808e,MSWO00201,2025-06-17T18:05:31.522965,1,12.65
21ca6ff7-a879-4aa4-9e84-992afd2545a5,bcb6855e-ac38-49ca-a6c8-dce83f577740,385f86a1-af53-4a9f-b7a6-9c0a5208e50b,MSWO00386,2025-02-25T03:20:10.502214,1,9.23
366e7356-73fa-48f5-83cc-d026ef05e75b,d943098c-adf2-4cc7-9ef3-9a57f4c45277,b215c870-edef-4b72-84ef-289e0fbc751d,MSWO00685,2024-11-02T16:50:08.726339,1,18.42
67f60b05-4791-4255-98ff-a2e7268b0ac2,6c26851d-1027-4dee-9621-b557f98efeb2,8c7a62a8-5bcd-46aa-a99a-edddd2f6b853,MSFO00954,2025-07-11T20:58:21.832304,1,8.77
0e23b20d-9c4d-4a1b-98b8-3d40f9164ef8,308c703a-3535-436d-8078-263eeda73704,6e1be753-72ef-4efc-9493-5db317c81fb3,MSWO00743,2025-04-24T11:43:55.952289,1,26.4
43d4d50b-cd95-4fb6-baec-2dc15fa86562,73fdd53b-a82c-493d-aba1-998f09f734cd,105a3e10-1229-47a9-8bf1-374f23b615e7,MSHO00235,2025-06-28T11:49:35.938399,2,7.96
e22a0277-b631-4fbf-9ae9-b16709077a3e,57b26a87-1d31-43cf-8802-670a9d7694d7,e82d1240-2d31-49fd-91ea-ad638f8f9b84,MSBE00331,2024-08-23T23:23:31.426315,1,28.14
940d40fb-6d98-4789-978d-8156c4f43f04,27ae7169-ce68-4a87-9059-6931f95e3532,1734113b-9882-47cf-bace-1f948de8760e,MSME00513,2025-03-12T20:51:06.743243,1,4.23
004b2572-86cf-4ad2-9b3c-2cfa51d4d1fe,eebdf43c-6f4d-49e7-a31f-428ee3c6f855,ddb7049c-8957-4dd1-8824-c0dddad66507,MSWO00947,2024-09-28T18:45:49.681303,1,21.19
11d9ddf7-aa83-4b0f-aafc-7b7a2138c4e2,922a600b-19b1-4a5b-8d87-ecba775bda69,2cd168da-3ba0-4f88-97a5-8ea135923660,MSME00345,2025-06-22T19:25:26.481111,1,31.78
02e8f357-729b-4473-bd9b-6ed59b8eb232,b9d3d591-46f0-484f-b927-9a49ea021a53,bc305483-bedc-4171-869b-9fe5fcbbae3d,MSFO00438,2025-03-23T20:45:25.611435,1,3.63
808ddc5e-aee2-4379-a551-be7996e3bc1d,50cc1cd9-4cef-4cb4-be22-937cdd6a97e5,cf6cedc7-d55e-4f16-8135-ea6a1d1062b4,MSFO00812,2024-09-17T09:04:14.352345,1,12.87
9d816b1b-3a1f-47e0-936e-0cf0f37e6716,d4839fa6-a599-43b4-88ae-094c52ea8fdc,ecedb685-897f-4c19-b695-f77bead63de5,MSWO00225,2025-02-17T21:38:39.642248,1,5.85
70646b85-47cb-4f2f-bba4-78874020c7dd,d1bc6cd9-dd91-46a4-9ee8-1db69253a0b3,868e0b51-3016-4991-817a-5161f84aa52b,MSBE00694,2025-03-04T23:07:51.400852,2,59.0
bce1aeec-22cb-44e8-92cc-c0c988f556cf,505ee43d-98f4-40b8-b496-9eb9c92718bf,e515d2cc-d6c8-478b-bf39-f787525aff29,MSME00380,2024-12-13T03:52:44.641663,1,11.73
3187b2bf-4096-4e16-bfdf-bf7e7f6774d1,8b24eda6-910c-49e5-a50c-389ab411ef3c,8777b403-32bf-4d5b-b0a3-26aad4dbc693,MSWO00997,2024-09-23T05:31:34.123000,2,4.22
2e492a15-55b2-430e-9676-cc23cda54847,fa9cf57e-e5df-4faa-a831-06a24a3d3bee,4dbf9f05-eeb1-4423-8178-f2097717fdeb,MSHO00791,2025-02-21T08:41:47.329403,1,6.53
c73fd11e-5caf-4225-b1ea-56283ae6b1b3,f952f93c-5c2c-4164-90bc-cc95411e2ca9,e3138d90-a6b8-489b-9e99-aa47b90ec7b6,MSWO00964,2024-11-12T14:43:27.838981,3,92.94
6cb4cde2-7337-40ad-9cea-51e7835ac250,dce9d101-9295-4b86-83bc-2866caf7613b,8a95836d-ec51-430d-a642-a07fecf6cebe,MSME00581,2025-02-04T04:47:54.514979,1,19.33
ad88e0e0-9278-4d5a-a1c4-3acfe018cace,3a6783b2-9f44-41c9-9683-9f75bc1fe0ea,c357c90b-9de4-43c6-93ba-a3de904c604f,MSME00843,2025-06-11T21:01:26.885288,1,23.2
3339cd14-503e-406d-8463-e564fbdaad1d,cabd449e-9282-4aa1-a315-ee16a19216ea,6ca9aa42-fdc4-4de8-8592-fe4d0e39664c,MSME00877,2024-09-05T19:27:31.356794,1,7.39
3dfc9ee5-c487-4cd9-b138-b1a0a25fad73,7d8112b8-45fd-4a7d-b487-bf0ba9d48659,c481f145-962e-4dd8-80b5-cf6e8d82c11e,MSBE00093,2025-05-20T12:20:39.689101,1,9.84
6382fdcb-8092-485a-9a62-d1ae935053d8,53a483c4-f29a-4857-98f8-f4df698b873f,8b377b9a-018a-4623-90b0-3f24b85f162f,MSME00364,2025-02-08T09:28:09.145089,2,33.2
0667ce77-9c18-4a5c-a3a9-01371b71898b,87d14c4b-2c09-423c-8fb3-6e588e0c0e7a,05c89cf5-674d-4b57-8b2e-08f8e5b983eb,MSHO00587,2024-11-08T08:37:02.255084,1,14.68
ba2572de-589b-4e5e-848f-5968dcbaa6ae,9a4f3adb-d3a2-46cc-964f-6312acb404e9,744449d4-56be-4d7a-8c4e-f47cabefc036,MSWO00557,2025-02-05T12:22:35.312199,2,31.96
27294aa9-d1a4-48cb-a866-dfb9acdea37d,40d95cd2-be17-4f2a-a66f-7528ae3d1c42,d9f5cad7-f3de-4617-938c-6965395809e7,MSWO00932,2024-10-11T03:44:08.841406,1,1.44
2247491b-b464-4ea3-b47c-8babf2b1e2f0,81474cb4-4cd0-444b-860d-ffc6a9c28384,b4b8b6a2-44cc-4dd7-8101-807a41b52358,MSME00443,2024-11-15T20:22:11.935751,1,16.65
cfe94d99-dca7-4a2f-a555-691a6b74fd28,3f0d7273-4b92-49f4-aeab-db8f4707fc0c,a15f1e0e-3795-479a-8196-982aa67224bd,MSBE00562,2025-08-23T13:50:52.087914,1,5.23
f966c7e3-b6e3-435a-a755-91b0ea439c02,a30354cb-8f6d-49fa-85af-d7c8fb9d7a5c,e88a1c0f-ed87-412b-aa3a-11439f293c7e,MSHO00024,2025-04-06T04:07:36.053420,1,18.7
8f97f354-aadf-4d9f-8d50-67736c35d611,e1b38681-cef9-44ab-9634-12f611857923,f9d0bee7-f9cd-42f4-ae51-0b182e02aa70,MSFO00862,2024-10-04T16:53:51.421198,1,1.26
8468785f-70ac-4a8b-802d-0b1b25af912a,cfbb5510-4f6e-4d4d-9e65-7d27d8993ba5,5e950902-4570-40f3-ab2e-f43c7d6130b4,MSBE00260,2025-07-10T02:23:43.270754,1,26.6
96246944-71e7-471a-aa75-1cf0ec19165d,f4dba56c-c0b8-4617-8dce-14d6e92d0cd3,a3e8a00f-cf39-4a1c-9e48-b769223306f3,MSFO00349,2025-06-18T08:48:13.678356,1,45.06
